rows,cols,cell_size,num_domains,num_nodes,speed,num_steps,mobility_model,ho_threshold,lu_period,ho_timer,improved_lu_period,ho_threshold_predicted,ho_timer_predicted,ai_lu_period,predictor_order,call_arrival_prob,drop_threshold,pingpong_window,algorithm,signaling_overhead,ping_pong_ratio,call_drop_approx,ho_count,lu_count,paging_count,session_reset_count,session_continuity_rate,prediction_accuracy,seed,repeat
5,5,0.5,2,10,0.1,200,random_walk,5.0,10,3,20,2.5,1,20,zero,0.05,60.0,5,baseline,2490,0.0,0.0,7,190,92,0,1.0,,42,0
5,5,0.5,2,10,0.1,200,random_walk,5.0,10,3,20,2.5,1,20,zero,0.05,60.0,5,baseline,2465,0.0,0.0,8,190,91,1,0.9995,,43,1
5,5,0.5,2,10,0.1,200,random_walk,5.0,10,3,20,2.5,1,20,zero,0.05,60.0,5,baseline,3265,0.0,0.0,13,190,123,3,0.9985,,44,2
5,5,0.5,2,10,0.1,200,random_walk,5.0,10,3,20,2.5,1,20,zero,0.05,60.0,5,baseline,2615,0.0,0.0,7,190,97,0,1.0,,45,3
5,5,0.5,2,10,0.1,200,random_walk,5.0,10,3,20,2.5,1,20,zero,0.05,60.0,5,baseline,2465,0.0,0.0,9,190,91,1,0.9995,,46,4
5,5,0.5,2,10,0.1,200,random_walk,5.0,10,3,20,2.5,1,20,zero,0.05,60.0,5,baseline,2665,0.0,0.0,19,190,99,4,0.998,,47,5
5,5,0.5,2,10,0.1,200,random_walk,5.0,10,3,20,2.5,1,20,zero,0.05,60.0,5,baseline,2615,0.0,0.0,7,190,97,0,1.0,,48,6
5,5,0.5,2,10,0.1,200,random_walk,5.0,10,3,20,2.5,1,20,zero,0.05,60.0,5,baseline,2565,0.0,0.0,15,190,95,0,1.0,,49,7
5,5,0.5,2,10,0.1,200,random_walk,5.0,10,3,20,2.5,1,20,zero,0.05,60.0,5,baseline,2565,0.0,0.0,9,190,95,3,0.9985,,50,8
5,5,0.5,2,10,0.1,200,random_walk,5.0,10,3,20,2.5,1,20,zero,0.05,60.0,5,baseline,2890,0.0,0.0,9,190,108,0,1.0,,51,9
5,5,0.5,2,30,0.1,200,random_walk,5.0,10,3,20,2.5,1,20,zero,0.05,60.0,5,baseline,7595,0.0,0.0,32,570,281,4,0.9993333333333333,,42,0
5,5,0.5,2,30,0.1,200,random_walk,5.0,10,3,20,2.5,1,20,zero,0.05,60.0,5,baseline,7595,0.0,0.0,43,570,281,7,0.9988333333333334,,43,1
5,5,0.5,2,30,0.1,200,random_walk,5.0,10,3,20,2.5,1,20,zero,0.05,60.0,5,baseline,8545,0.0,0.0,32,570,319,6,0.999,,44,2
5,5,0.5,2,30,0.1,200,random_walk,5.0,10,3,20,2.5,1,20,zero,0.05,60.0,5,baseline,7920,0.0,0.0,43,570,294,0,1.0,,45,3
5,5,0.5,2,30,0.1,200,random_walk,5.0,10,3,20,2.5,1,20,zero,0.05,60.0,5,baseline,7245,0.0,0.0,17,570,267,0,1.0,,46,4
5,5,0.5,2,30,0.1,200,random_walk,5.0,10,3,20,2.5,1,20,zero,0.05,60.0,5,baseline,8120,0.0,0.0,45,570,302,7,0.9988333333333334,,47,5
5,5,0.5,2,30,0.1,200,random_walk,5.0,10,3,20,2.5,1,20,zero,0.05,60.0,5,baseline,8345,0.0,0.0,36,570,311,3,0.9995,,48,6
5,5,0.5,2,30,0.1,200,random_walk,5.0,10,3,20,2.5,1,20,zero,0.05,60.0,5,baseline,7945,0.0,0.0,64,570,295,7,0.9988333333333334,,49,7
5,5,0.5,2,30,0.1,200,random_walk,5.0,10,3,20,2.5,1,20,zero,0.05,60.0,5,baseline,7695,0.0,0.0,46,570,285,8,0.9986666666666667,,50,8
5,5,0.5,2,30,0.1,200,random_walk,5.0,10,3,20,2.5,1,20,zero,0.05,60.0,5,baseline,8095,0.0,0.0,27,570,301,1,0.9998333333333334,,51,9
5,5,0.5,2,50,0.1,200,random_walk,5.0,10,3,20,2.5,1,20,zero,0.05,60.0,5,baseline,13075,0.0,0.0,53,950,485,3,0.9997,,42,0
5,5,0.5,2,50,0.1,200,random_walk,5.0,10,3,20,2.5,1,20,zero,0.05,60.0,5,baseline,12875,0.0,0.0,58,950,477,7,0.9993,,43,1
5,5,0.5,2,50,0.1,200,random_walk,5.0,10,3,20,2.5,1,20,zero,0.05,60.0,5,baseline,13800,0.0,0.0,68,950,514,16,0.9984,,44,2
5,5,0.5,2,50,0.1,200,random_walk,5.0,10,3,20,2.5,1,20,zero,0.05,60.0,5,baseline,13725,0.0,0.0,58,950,511,4,0.9996,,45,3
5,5,0.5,2,50,0.1,200,random_walk,5.0,10,3,20,2.5,1,20,zero,0.05,60.0,5,baseline,12425,0.0,0.0,58,950,459,10,0.999,,46,4
5,5,0.5,2,50,0.1,200,random_walk,5.0,10,3,20,2.5,1,20,zero,0.05,60.0,5,baseline,13525,0.0,0.0,84,950,503,22,0.9978,,47,5
5,5,0.5,2,50,0.1,200,random_walk,5.0,10,3,20,2.5,1,20,zero,0.05,60.0,5,baseline,13375,0.0,0.0,61,950,497,9,0.9991,,48,6
5,5,0.5,2,50,0.1,200,random_walk,5.0,10,3,20,2.5,1,20,zero,0.05,60.0,5,baseline,13675,0.0,0.0,74,950,509,16,0.9984,,49,7
5,5,0.5,2,50,0.1,200,random_walk,5.0,10,3,20,2.5,1,20,zero,0.05,60.0,5,baseline,13100,0.0,0.0,54,950,486,9,0.9991,,50,8
5,5,0.5,2,50,0.1,200,random_walk,5.0,10,3,20,2.5,1,20,zero,0.05,60.0,5,baseline,13850,0.0,0.0,65,950,516,9,0.9991,,51,9
5,5,0.5,2,10,0.3,200,random_walk,5.0,10,3,20,2.5,1,20,zero,0.05,60.0,5,baseline,2490,0.07317073170731707,0.0,82,190,92,8,0.996,,42,0
5,5,0.5,2,10,0.3,200,random_walk,5.0,10,3,20,2.5,1,20,zero,0.05,60.0,5,baseline,2465,0.042105263157894736,0.0,95,190,91,22,0.989,,43,1
5,5,0.5,2,10,0.3,200,random_walk,5.0,10,3,20,2.5,1,20,zero,0.05,60.0,5,baseline,3265,0.12962962962962962,0.0,108,190,123,24,0.988,,44,2
5,5,0.5,2,10,0.3,200,random_walk,5.0,10,3,20,2.5,1,20,zero,0.05,60.0,5,baseline,2615,0.03409090909090909,0.0,88,190,97,13,0.9935,,45,3
5,5,0.5,2,10,0.3,200,random_walk,5.0,10,3,20,2.5,1,20,zero,0.05,60.0,5,baseline,2465,0.07086614173228346,0.0,127,190,91,25,0.9875,,46,4
5,5,0.5,2,10,0.3,200,random_walk,5.0,10,3,20,2.5,1,20,zero,0.05,60.0,5,baseline,2665,0.033707865168539325,0.0,89,190,99,12,0.994,,47,5
5,5,0.5,2,10,0.3,200,random_walk,5.0,10,3,20,2.5,1,20,zero,0.05,60.0,5,baseline,2615,0.03125,0.0,64,190,97,12,0.994,,48,6
5,5,0.5,2,10,0.3,200,random_walk,5.0,10,3,20,2.5,1,20,zero,0.05,60.0,5,baseline,2565,0.08270676691729323,0.0,133,190,95,13,0.9935,,49,7
5,5,0.5,2,10,0.3,200,random_walk,5.0,10,3,20,2.5,1,20,zero,0.05,60.0,5,baseline,2565,0.04132231404958678,0.0,121,190,95,15,0.9925,,50,8
5,5,0.5,2,10,0.3,200,random_walk,5.0,10,3,20,2.5,1,20,zero,0.05,60.0,5,baseline,2890,0.075,0.0,80,190,108,7,0.9965,,51,9
5,5,0.5,2,30,0.3,200,random_walk,5.0,10,3,20,2.5,1,20,zero,0.05,60.0,5,baseline,7595,0.03529411764705882,0.0,255,570,281,38,0.9936666666666667,,42,0
5,5,0.5,2,30,0.3,200,random_walk,5.0,10,3,20,2.5,1,20,zero,0.05,60.0,5,baseline,7595,0.06287425149700598,0.0,334,570,281,60,0.99,,43,1
5,5,0.5,2,30,0.3,200,random_walk,5.0,10,3,20,2.5,1,20,zero,0.05,60.0,5,baseline,8545,0.058394160583941604,0.0,274,570,319,39,0.9935,,44,2
5,5,0.5,2,30,0.3,200,random_walk,5.0,10,3,20,2.5,1,20,zero,0.05,60.0,5,baseline,7920,0.05016722408026756,0.00016666666666666666,299,570,294,37,0.9938333333333333,,45,3
5,5,0.5,2,30,0.3,200,random_walk,5.0,10,3,20,2.5,1,20,zero,0.05,60.0,5,baseline,7245,0.05078125,0.0008333333333333334,256,570,267,36,0.994,,46,4
5,5,0.5,2,30,0.3,200,random_walk,5.0,10,3,20,2.5,1,20,zero,0.05,60.0,5,baseline,8120,0.05263157894736842,0.0,304,570,302,50,0.9916666666666667,,47,5
5,5,0.5,2,30,0.3,200,random_walk,5.0,10,3,20,2.5,1,20,zero,0.05,60.0,5,baseline,8345,0.05286343612334802,0.0006666666666666666,227,570,311,32,0.9946666666666667,,48,6
5,5,0.5,2,30,0.3,200,random_walk,5.0,10,3,20,2.5,1,20,zero,0.05,60.0,5,baseline,7945,0.05198776758409786,0.0008333333333333334,327,570,295,51,0.9915,,49,7
5,5,0.5,2,30,0.3,200,random_walk,5.0,10,3,20,2.5,1,20,zero,0.05,60.0,5,baseline,7695,0.0423728813559322,0.0,236,570,285,36,0.994,,50,8
5,5,0.5,2,30,0.3,200,random_walk,5.0,10,3,20,2.5,1,20,zero,0.05,60.0,5,baseline,8095,0.05371900826446281,0.0,242,570,301,30,0.995,,51,9
5,5,0.5,2,50,0.3,200,random_walk,5.0,10,3,20,2.5,1,20,zero,0.05,60.0,5,baseline,13075,0.04742268041237113,0.0001,485,950,485,77,0.9923,,42,0
5,5,0.5,2,50,0.3,200,random_walk,5.0,10,3,20,2.5,1,20,zero,0.05,60.0,5,baseline,12875,0.04484304932735426,0.0014,446,950,477,66,0.9934,,43,1
5,5,0.5,2,50,0.3,200,random_walk,5.0,10,3,20,2.5,1,20,zero,0.05,60.0,5,baseline,13800,0.058823529411764705,0.0,527,950,514,90,0.991,,44,2
5,5,0.5,2,50,0.3,200,random_walk,5.0,10,3,20,2.5,1,20,zero,0.05,60.0,5,baseline,13725,0.05955334987593052,0.0,403,950,511,55,0.9945,,45,3
5,5,0.5,2,50,0.3,200,random_walk,5.0,10,3,20,2.5,1,20,zero,0.05,60.0,5,baseline,12425,0.04793028322440087,0.0013,459,950,459,74,0.9926,,46,4
5,5,0.5,2,50,0.3,200,random_walk,5.0,10,3,20,2.5,1,20,zero,0.05,60.0,5,baseline,13525,0.05156537753222836,0.0,543,950,503,71,0.9929,,47,5
5,5,0.5,2,50,0.3,200,random_walk,5.0,10,3,20,2.5,1,20,zero,0.05,60.0,5,baseline,13375,0.056,0.0,500,950,497,65,0.9935,,48,6
5,5,0.5,2,50,0.3,200,random_walk,5.0,10,3,20,2.5,1,20,zero,0.05,60.0,5,baseline,13675,0.05730129390018484,0.0,541,950,509,82,0.9918,,49,7
5,5,0.5,2,50,0.3,200,random_walk,5.0,10,3,20,2.5,1,20,zero,0.05,60.0,5,baseline,13100,0.052083333333333336,0.0,480,950,486,75,0.9925,,50,8
5,5,0.5,2,50,0.3,200,random_walk,5.0,10,3,20,2.5,1,20,zero,0.05,60.0,5,baseline,13850,0.0603290676416819,0.0,547,950,516,68,0.9932,,51,9
5,5,0.5,2,10,0.6,200,random_walk,5.0,10,3,20,2.5,1,20,zero,0.05,60.0,5,baseline,2490,0.12158054711246201,0.0,329,190,92,48,0.976,,42,0
5,5,0.5,2,10,0.6,200,random_walk,5.0,10,3,20,2.5,1,20,zero,0.05,60.0,5,baseline,2465,0.1284722222222222,0.0,288,190,91,43,0.9785,,43,1
5,5,0.5,2,10,0.6,200,random_walk,5.0,10,3,20,2.5,1,20,zero,0.05,60.0,5,baseline,3265,0.11180124223602485,0.0,322,190,123,62,0.969,,44,2
5,5,0.5,2,10,0.6,200,random_walk,5.0,10,3,20,2.5,1,20,zero,0.05,60.0,5,baseline,2615,0.13411078717201166,0.0,343,190,97,46,0.977,,45,3
5,5,0.5,2,10,0.6,200,random_walk,5.0,10,3,20,2.5,1,20,zero,0.05,60.0,5,baseline,2465,0.12885154061624648,0.0,357,190,91,66,0.967,,46,4
5,5,0.5,2,10,0.6,200,random_walk,5.0,10,3,20,2.5,1,20,zero,0.05,60.0,5,baseline,2665,0.11585365853658537,0.0,328,190,99,56,0.972,,47,5
5,5,0.5,2,10,0.6,200,random_walk,5.0,10,3,20,2.5,1,20,zero,0.05,60.0,5,baseline,2615,0.1099290780141844,0.0,282,190,97,49,0.9755,,48,6
5,5,0.5,2,10,0.6,200,random_walk,5.0,10,3,20,2.5,1,20,zero,0.05,60.0,5,baseline,2565,0.1065989847715736,0.002,394,190,95,63,0.9685,,49,7
5,5,0.5,2,10,0.6,200,random_walk,5.0,10,3,20,2.5,1,20,zero,0.05,60.0,5,baseline,2565,0.10991957104557641,0.0,373,190,95,47,0.9765,,50,8
5,5,0.5,2,10,0.6,200,random_walk,5.0,10,3,20,2.5,1,20,zero,0.05,60.0,5,baseline,2890,0.09349593495934959,0.0,246,190,108,25,0.9875,,51,9
5,5,0.5,2,30,0.6,200,random_walk,5.0,10,3,20,2.5,1,20,zero,0.05,60.0,5,baseline,7595,0.09409190371991247,0.00016666666666666666,914,570,281,125,0.9791666666666666,,42,0
5,5,0.5,2,30,0.6,200,random_walk,5.0,10,3,20,2.5,1,20,zero,0.05,60.0,5,baseline,7595,0.10312862108922363,0.0003333333333333333,863,570,281,131,0.9781666666666666,,43,1
5,5,0.5,2,30,0.6,200,random_walk,5.0,10,3,20,2.5,1,20,zero,0.05,60.0,5,baseline,8545,0.13272311212814644,0.0003333333333333333,874,570,319,110,0.9816666666666667,,44,2
5,5,0.5,2,30,0.6,200,random_walk,5.0,10,3,20,2.5,1,20,zero,0.05,60.0,5,baseline,7920,0.12643678160919541,0.0,957,570,294,142,0.9763333333333334,,45,3
5,5,0.5,2,30,0.6,200,random_walk,5.0,10,3,20,2.5,1,20,zero,0.05,60.0,5,baseline,7245,0.1319052987598647,0.0,887,570,267,139,0.9768333333333333,,46,4
5,5,0.5,2,30,0.6,200,random_walk,5.0,10,3,20,2.5,1,20,zero,0.05,60.0,5,baseline,8120,0.11839530332681017,0.0003333333333333333,1022,570,302,179,0.9701666666666666,,47,5
5,5,0.5,2,30,0.6,200,random_walk,5.0,10,3,20,2.5,1,20,zero,0.05,60.0,5,baseline,8345,0.12198067632850242,0.0,828,570,311,127,0.9788333333333333,,48,6
5,5,0.5,2,30,0.6,200,random_walk,5.0,10,3,20,2.5,1,20,zero,0.05,60.0,5,baseline,7945,0.13915857605177995,0.0,927,570,295,123,0.9795,,49,7
5,5,0.5,2,30,0.6,200,random_walk,5.0,10,3,20,2.5,1,20,zero,0.05,60.0,5,baseline,7695,0.11528822055137844,0.0003333333333333333,798,570,285,117,0.9805,,50,8
5,5,0.5,2,30,0.6,200,random_walk,5.0,10,3,20,2.5,1,20,zero,0.05,60.0,5,baseline,8095,0.13897596656217345,0.0005,957,570,301,142,0.9763333333333334,,51,9
5,5,0.5,2,50,0.6,200,random_walk,5.0,10,3,20,2.5,1,20,zero,0.05,60.0,5,baseline,13075,0.12555205047318613,0.0001,1585,950,485,240,0.976,,42,0
5,5,0.5,2,50,0.6,200,random_walk,5.0,10,3,20,2.5,1,20,zero,0.05,60.0,5,baseline,12875,0.11983471074380166,0.0003,1452,950,477,210,0.979,,43,1
5,5,0.5,2,50,0.6,200,random_walk,5.0,10,3,20,2.5,1,20,zero,0.05,60.0,5,baseline,13800,0.12325440194292653,0.0,1647,950,514,241,0.9759,,44,2
5,5,0.5,2,50,0.6,200,random_walk,5.0,10,3,20,2.5,1,20,zero,0.05,60.0,5,baseline,13725,0.12061711079943899,0.0001,1426,950,511,211,0.9789,,45,3
5,5,0.5,2,50,0.6,200,random_walk,5.0,10,3,20,2.5,1,20,zero,0.05,60.0,5,baseline,12425,0.11914323962516733,0.0002,1494,950,459,199,0.9801,,46,4
5,5,0.5,2,50,0.6,200,random_walk,5.0,10,3,20,2.5,1,20,zero,0.05,60.0,5,baseline,13525,0.12226277372262774,0.0001,1644,950,503,244,0.9756,,47,5
5,5,0.5,2,50,0.6,200,random_walk,5.0,10,3,20,2.5,1,20,zero,0.05,60.0,5,baseline,13375,0.12264763140817651,0.0003,1541,950,497,223,0.9777,,48,6
5,5,0.5,2,50,0.6,200,random_walk,5.0,10,3,20,2.5,1,20,zero,0.05,60.0,5,baseline,13675,0.1256218905472637,0.0,1608,950,509,214,0.9786,,49,7
5,5,0.5,2,50,0.6,200,random_walk,5.0,10,3,20,2.5,1,20,zero,0.05,60.0,5,baseline,13100,0.11356466876971609,0.0002,1585,950,486,266,0.9734,,50,8
5,5,0.5,2,50,0.6,200,random_walk,5.0,10,3,20,2.5,1,20,zero,0.05,60.0,5,baseline,13850,0.11424731182795698,0.0005,1488,950,516,206,0.9794,,51,9
5,5,1.0,2,10,0.1,200,random_walk,5.0,10,3,20,2.5,1,20,zero,0.05,60.0,5,baseline,2490,0.0,0.0245,0,190,92,0,1.0,,42,0
5,5,1.0,2,10,0.1,200,random_walk,5.0,10,3,20,2.5,1,20,zero,0.05,60.0,5,baseline,2465,0.0,0.038,7,190,91,3,0.9985,,43,1
5,5,1.0,2,10,0.1,200,random_walk,5.0,10,3,20,2.5,1,20,zero,0.05,60.0,5,baseline,3265,0.0,0.072,8,190,123,5,0.9975,,44,2
5,5,1.0,2,10,0.1,200,random_walk,5.0,10,3,20,2.5,1,20,zero,0.05,60.0,5,baseline,2615,0.0,0.095,2,190,97,0,1.0,,45,3
5,5,1.0,2,10,0.1,200,random_walk,5.0,10,3,20,2.5,1,20,zero,0.05,60.0,5,baseline,2465,0.0,0.168,4,190,91,0,1.0,,46,4
5,5,1.0,2,10,0.1,200,random_walk,5.0,10,3,20,2.5,1,20,zero,0.05,60.0,5,baseline,2665,0.0,0.0135,10,190,99,4,0.998,,47,5
5,5,1.0,2,10,0.1,200,random_walk,5.0,10,3,20,2.5,1,20,zero,0.05,60.0,5,baseline,2615,0.0,0.0115,2,190,97,0,1.0,,48,6
5,5,1.0,2,10,0.1,200,random_walk,5.0,10,3,20,2.5,1,20,zero,0.05,60.0,5,baseline,2565,0.0,0.0,7,190,95,0,1.0,,49,7
5,5,1.0,2,10,0.1,200,random_walk,5.0,10,3,20,2.5,1,20,zero,0.05,60.0,5,baseline,2565,0.0,0.1025,7,190,95,1,0.9995,,50,8
5,5,1.0,2,10,0.1,200,random_walk,5.0,10,3,20,2.5,1,20,zero,0.05,60.0,5,baseline,2890,0.0,0.0,8,190,108,0,1.0,,51,9
5,5,1.0,2,30,0.1,200,random_walk,5.0,10,3,20,2.5,1,20,zero,0.05,60.0,5,baseline,7595,0.0,0.043166666666666666,18,570,281,0,1.0,,42,0
5,5,1.0,2,30,0.1,200,random_walk,5.0,10,3,20,2.5,1,20,zero,0.05,60.0,5,baseline,7595,0.0,0.024,16,570,281,4,0.9993333333333333,,43,1
5,5,1.0,2,30,0.1,200,random_walk,5.0,10,3,20,2.5,1,20,zero,0.05,60.0,5,baseline,8545,0.0,0.009833333333333333,13,570,319,0,1.0,,44,2
5,5,1.0,2,30,0.1,200,random_walk,5.0,10,3,20,2.5,1,20,zero,0.05,60.0,5,baseline,7920,0.0,0.06116666666666667,17,570,294,0,1.0,,45,3
5,5,1.0,2,30,0.1,200,random_walk,5.0,10,3,20,2.5,1,20,zero,0.05,60.0,5,baseline,7245,0.0,0.08,14,570,267,0,1.0,,46,4
5,5,1.0,2,30,0.1,200,random_walk,5.0,10,3,20,2.5,1,20,zero,0.05,60.0,5,baseline,8120,0.0,0.049666666666666665,31,570,302,1,0.9998333333333334,,47,5
5,5,1.0,2,30,0.1,200,random_walk,5.0,10,3,20,2.5,1,20,zero,0.05,60.0,5,baseline,8345,0.0,0.004666666666666667,24,570,311,1,0.9998333333333334,,48,6
5,5,1.0,2,30,0.1,200,random_walk,5.0,10,3,20,2.5,1,20,zero,0.05,60.0,5,baseline,7945,0.0,0.0175,28,570,295,4,0.9993333333333333,,49,7
5,5,1.0,2,30,0.1,200,random_walk,5.0,10,3,20,2.5,1,20,zero,0.05,60.0,5,baseline,7695,0.0,0.122,23,570,285,4,0.9993333333333333,,50,8
5,5,1.0,2,30,0.1,200,random_walk,5.0,10,3,20,2.5,1,20,zero,0.05,60.0,5,baseline,8095,0.0,0.028166666666666666,8,570,301,0,1.0,,51,9
5,5,1.0,2,50,0.1,200,random_walk,5.0,10,3,20,2.5,1,20,zero,0.05,60.0,5,baseline,13075,0.0,0.0244,20,950,485,2,0.9998,,42,0
5,5,1.0,2,50,0.1,200,random_walk,5.0,10,3,20,2.5,1,20,zero,0.05,60.0,5,baseline,12875,0.0,0.0582,22,950,477,4,0.9996,,43,1
5,5,1.0,2,50,0.1,200,random_walk,5.0,10,3,20,2.5,1,20,zero,0.05,60.0,5,baseline,13800,0.0,0.0187,28,950,514,0,1.0,,44,2
5,5,1.0,2,50,0.1,200,random_walk,5.0,10,3,20,2.5,1,20,zero,0.05,60.0,5,baseline,13725,0.0,0.0617,23,950,511,2,0.9998,,45,3
5,5,1.0,2,50,0.1,200,random_walk,5.0,10,3,20,2.5,1,20,zero,0.05,60.0,5,baseline,12425,0.0,0.0791,25,950,459,3,0.9997,,46,4
5,5,1.0,2,50,0.1,200,random_walk,5.0,10,3,20,2.5,1,20,zero,0.05,60.0,5,baseline,13525,0.0,0.0586,48,950,503,5,0.9995,,47,5
5,5,1.0,2,50,0.1,200,random_walk,5.0,10,3,20,2.5,1,20,zero,0.05,60.0,5,baseline,13375,0.0,0.0423,31,950,497,5,0.9995,,48,6
5,5,1.0,2,50,0.1,200,random_walk,5.0,10,3,20,2.5,1,20,zero,0.05,60.0,5,baseline,13675,0.0,0.0122,31,950,509,2,0.9998,,49,7
5,5,1.0,2,50,0.1,200,random_walk,5.0,10,3,20,2.5,1,20,zero,0.05,60.0,5,baseline,13100,0.0,0.0818,26,950,486,3,0.9997,,50,8
5,5,1.0,2,50,0.1,200,random_walk,5.0,10,3,20,2.5,1,20,zero,0.05,60.0,5,baseline,13850,0.0,0.0316,36,950,516,2,0.9998,,51,9
5,5,1.0,2,10,0.3,200,random_walk,5.0,10,3,20,2.5,1,20,zero,0.05,60.0,5,baseline,2490,0.08571428571428572,0.0215,35,190,92,2,0.999,,42,0
5,5,1.0,2,10,0.3,200,random_walk,5.0,10,3,20,2.5,1,20,zero,0.05,60.0,5,baseline,2465,0.08108108108108109,0.0605,37,190,91,6,0.997,,43,1
5,5,1.0,2,10,0.3,200,random_walk,5.0,10,3,20,2.5,1,20,zero,0.05,60.0,5,baseline,3265,0.14583333333333334,0.1155,48,190,123,11,0.9945,,44,2
5,5,1.0,2,10,0.3,200,random_walk,5.0,10,3,20,2.5,1,20,zero,0.05,60.0,5,baseline,2615,0.03225806451612903,0.0395,31,190,97,5,0.9975,,45,3
5,5,1.0,2,10,0.3,200,random_walk,5.0,10,3,20,2.5,1,20,zero,0.05,60.0,5,baseline,2465,0.0625,0.086,48,190,91,7,0.9965,,46,4
5,5,1.0,2,10,0.3,200,random_walk,5.0,10,3,20,2.5,1,20,zero,0.05,60.0,5,baseline,2665,0.0821917808219178,0.011,73,190,99,6,0.997,,47,5
5,5,1.0,2,10,0.3,200,random_walk,5.0,10,3,20,2.5,1,20,zero,0.05,60.0,5,baseline,2615,0.07692307692307693,0.0635,26,190,97,4,0.998,,48,6
5,5,1.0,2,10,0.3,200,random_walk,5.0,10,3,20,2.5,1,20,zero,0.05,60.0,5,baseline,2565,0.08333333333333333,0.0005,60,190,95,11,0.9945,,49,7
5,5,1.0,2,10,0.3,200,random_walk,5.0,10,3,20,2.5,1,20,zero,0.05,60.0,5,baseline,2565,0.0,0.0815,52,190,95,5,0.9975,,50,8
5,5,1.0,2,10,0.3,200,random_walk,5.0,10,3,20,2.5,1,20,zero,0.05,60.0,5,baseline,2890,0.022222222222222223,0.0335,45,190,108,4,0.998,,51,9
5,5,1.0,2,30,0.3,200,random_walk,5.0,10,3,20,2.5,1,20,zero,0.05,60.0,5,baseline,7595,0.07874015748031496,0.0495,127,570,281,15,0.9975,,42,0
5,5,1.0,2,30,0.3,200,random_walk,5.0,10,3,20,2.5,1,20,zero,0.05,60.0,5,baseline,7595,0.10273972602739725,0.05366666666666667,146,570,281,22,0.9963333333333333,,43,1
5,5,1.0,2,30,0.3,200,random_walk,5.0,10,3,20,2.5,1,20,zero,0.05,60.0,5,baseline,8545,0.0763888888888889,0.052333333333333336,144,570,319,26,0.9956666666666667,,44,2
5,5,1.0,2,30,0.3,200,random_walk,5.0,10,3,20,2.5,1,20,zero,0.05,60.0,5,baseline,7920,0.072992700729927,0.049166666666666664,137,570,294,19,0.9968333333333333,,45,3
5,5,1.0,2,30,0.3,200,random_walk,5.0,10,3,20,2.5,1,20,zero,0.05,60.0,5,baseline,7245,0.06716417910447761,0.0915,134,570,267,12,0.998,,46,4
5,5,1.0,2,30,0.3,200,random_walk,5.0,10,3,20,2.5,1,20,zero,0.05,60.0,5,baseline,8120,0.055865921787709494,0.03916666666666667,179,570,302,39,0.9935,,47,5
5,5,1.0,2,30,0.3,200,random_walk,5.0,10,3,20,2.5,1,20,zero,0.05,60.0,5,baseline,8345,0.0859375,0.03233333333333333,128,570,311,16,0.9973333333333333,,48,6
5,5,1.0,2,30,0.3,200,random_walk,5.0,10,3,20,2.5,1,20,zero,0.05,60.0,5,baseline,7945,0.06914893617021277,0.034333333333333334,188,570,295,17,0.9971666666666666,,49,7
5,5,1.0,2,30,0.3,200,random_walk,5.0,10,3,20,2.5,1,20,zero,0.05,60.0,5,baseline,7695,0.08029197080291971,0.11783333333333333,137,570,285,23,0.9961666666666666,,50,8
5,5,1.0,2,30,0.3,200,random_walk,5.0,10,3,20,2.5,1,20,zero,0.05,60.0,5,baseline,8095,0.06611570247933884,0.06933333333333333,121,570,301,12,0.998,,51,9
5,5,1.0,2,50,0.3,200,random_walk,5.0,10,3,20,2.5,1,20,zero,0.05,60.0,5,baseline,13075,0.06910569105691057,0.0381,246,950,485,32,0.9968,,42,0
5,5,1.0,2,50,0.3,200,random_walk,5.0,10,3,20,2.5,1,20,zero,0.05,60.0,5,baseline,12875,0.05907172995780591,0.0851,237,950,477,42,0.9958,,43,1
5,5,1.0,2,50,0.3,200,random_walk,5.0,10,3,20,2.5,1,20,zero,0.05,60.0,5,baseline,13800,0.09125475285171103,0.0617,263,950,514,47,0.9953,,44,2
5,5,1.0,2,50,0.3,200,random_walk,5.0,10,3,20,2.5,1,20,zero,0.05,60.0,5,baseline,13725,0.09523809523809523,0.0629,210,950,511,21,0.9979,,45,3
5,5,1.0,2,50,0.3,200,random_walk,5.0,10,3,20,2.5,1,20,zero,0.05,60.0,5,baseline,12425,0.08741258741258741,0.0842,286,950,459,41,0.9959,,46,4
5,5,1.0,2,50,0.3,200,random_walk,5.0,10,3,20,2.5,1,20,zero,0.05,60.0,5,baseline,13525,0.06666666666666667,0.0572,315,950,503,54,0.9946,,47,5
5,5,1.0,2,50,0.3,200,random_walk,5.0,10,3,20,2.5,1,20,zero,0.05,60.0,5,baseline,13375,0.09505703422053231,0.0485,263,950,497,44,0.9956,,48,6
5,5,1.0,2,50,0.3,200,random_walk,5.0,10,3,20,2.5,1,20,zero,0.05,60.0,5,baseline,13675,0.10491803278688525,0.0401,305,950,509,56,0.9944,,49,7
5,5,1.0,2,50,0.3,200,random_walk,5.0,10,3,20,2.5,1,20,zero,0.05,60.0,5,baseline,13100,0.07662835249042145,0.0779,261,950,486,44,0.9956,,50,8
5,5,1.0,2,50,0.3,200,random_walk,5.0,10,3,20,2.5,1,20,zero,0.05,60.0,5,baseline,13850,0.061224489795918366,0.0406,245,950,516,23,0.9977,,51,9
5,5,1.0,2,10,0.6,200,random_walk,5.0,10,3,20,2.5,1,20,zero,0.05,60.0,5,baseline,2490,0.152,0.0715,125,190,92,13,0.9935,,42,0
5,5,1.0,2,10,0.6,200,random_walk,5.0,10,3,20,2.5,1,20,zero,0.05,60.0,5,baseline,2465,0.1952662721893491,0.061,169,190,91,36,0.982,,43,1
5,5,1.0,2,10,0.6,200,random_walk,5.0,10,3,20,2.5,1,20,zero,0.05,60.0,5,baseline,3265,0.23121387283236994,0.087,173,190,123,50,0.975,,44,2
5,5,1.0,2,10,0.6,200,random_walk,5.0,10,3,20,2.5,1,20,zero,0.05,60.0,5,baseline,2615,0.1728395061728395,0.0325,162,190,97,24,0.988,,45,3
5,5,1.0,2,10,0.6,200,random_walk,5.0,10,3,20,2.5,1,20,zero,0.05,60.0,5,baseline,2465,0.1935483870967742,0.034,217,190,91,51,0.9745,,46,4
5,5,1.0,2,10,0.6,200,random_walk,5.0,10,3,20,2.5,1,20,zero,0.05,60.0,5,baseline,2665,0.17647058823529413,0.0295,170,190,99,27,0.9865,,47,5
5,5,1.0,2,10,0.6,200,random_walk,5.0,10,3,20,2.5,1,20,zero,0.05,60.0,5,baseline,2615,0.2,0.0695,130,190,97,16,0.992,,48,6
5,5,1.0,2,10,0.6,200,random_walk,5.0,10,3,20,2.5,1,20,zero,0.05,60.0,5,baseline,2565,0.15865384615384615,0.024,208,190,95,20,0.99,,49,7
5,5,1.0,2,10,0.6,200,random_walk,5.0,10,3,20,2.5,1,20,zero,0.05,60.0,5,baseline,2565,0.1836734693877551,0.0505,196,190,95,19,0.9905,,50,8
5,5,1.0,2,10,0.6,200,random_walk,5.0,10,3,20,2.5,1,20,zero,0.05,60.0,5,baseline,2890,0.1271186440677966,0.0545,118,190,108,13,0.9935,,51,9
5,5,1.0,2,30,0.6,200,random_walk,5.0,10,3,20,2.5,1,20,zero,0.05,60.0,5,baseline,7595,0.15789473684210525,0.052,418,570,281,51,0.9915,,42,0
5,5,1.0,2,30,0.6,200,random_walk,5.0,10,3,20,2.5,1,20,zero,0.05,60.0,5,baseline,7595,0.18371212121212122,0.076,528,570,281,90,0.985,,43,1
5,5,1.0,2,30,0.6,200,random_walk,5.0,10,3,20,2.5,1,20,zero,0.05,60.0,5,baseline,8545,0.18442622950819673,0.06216666666666667,488,570,319,70,0.9883333333333333,,44,2
5,5,1.0,2,30,0.6,200,random_walk,5.0,10,3,20,2.5,1,20,zero,0.05,60.0,5,baseline,7920,0.1895551257253385,0.049666666666666665,517,570,294,67,0.9888333333333333,,45,3
5,5,1.0,2,30,0.6,200,random_walk,5.0,10,3,20,2.5,1,20,zero,0.05,60.0,5,baseline,7245,0.16818181818181818,0.06816666666666667,440,570,267,66,0.989,,46,4
5,5,1.0,2,30,0.6,200,random_walk,5.0,10,3,20,2.5,1,20,zero,0.05,60.0,5,baseline,8120,0.17254901960784313,0.054,510,570,302,83,0.9861666666666666,,47,5
5,5,1.0,2,30,0.6,200,random_walk,5.0,10,3,20,2.5,1,20,zero,0.05,60.0,5,baseline,8345,0.16966580976863754,0.06133333333333333,389,570,311,65,0.9891666666666666,,48,6
5,5,1.0,2,30,0.6,200,random_walk,5.0,10,3,20,2.5,1,20,zero,0.05,60.0,5,baseline,7945,0.17537313432835822,0.053,536,570,295,86,0.9856666666666667,,49,7
5,5,1.0,2,30,0.6,200,random_walk,5.0,10,3,20,2.5,1,20,zero,0.05,60.0,5,baseline,7695,0.14532019704433496,0.09516666666666666,406,570,285,62,0.9896666666666667,,50,8
5,5,1.0,2,30,0.6,200,random_walk,5.0,10,3,20,2.5,1,20,zero,0.05,60.0,5,baseline,8095,0.21291866028708134,0.073,418,570,301,49,0.9918333333333333,,51,9
5,5,1.0,2,50,0.6,200,random_walk,5.0,10,3,20,2.5,1,20,zero,0.05,60.0,5,baseline,13075,0.1977886977886978,0.0472,814,950,485,106,0.9894,,42,0
5,5,1.0,2,50,0.6,200,random_walk,5.0,10,3,20,2.5,1,20,zero,0.05,60.0,5,baseline,12875,0.20156046814044212,0.0754,769,950,477,116,0.9884,,43,1
5,5,1.0,2,50,0.6,200,random_walk,5.0,10,3,20,2.5,1,20,zero,0.05,60.0,5,baseline,13800,0.2020316027088036,0.0598,886,950,514,134,0.9866,,44,2
5,5,1.0,2,50,0.6,200,random_walk,5.0,10,3,20,2.5,1,20,zero,0.05,60.0,5,baseline,13725,0.1918918918918919,0.0692,740,950,511,122,0.9878,,45,3
5,5,1.0,2,50,0.6,200,random_walk,5.0,10,3,20,2.5,1,20,zero,0.05,60.0,5,baseline,12425,0.16666666666666666,0.0604,750,950,459,100,0.99,,46,4
5,5,1.0,2,50,0.6,200,random_walk,5.0,10,3,20,2.5,1,20,zero,0.05,60.0,5,baseline,13525,0.18039624608967675,0.051,959,950,503,121,0.9879,,47,5
5,5,1.0,2,50,0.6,200,random_walk,5.0,10,3,20,2.5,1,20,zero,0.05,60.0,5,baseline,13375,0.15347137637028013,0.0601,821,950,497,120,0.988,,48,6
5,5,1.0,2,50,0.6,200,random_walk,5.0,10,3,20,2.5,1,20,zero,0.05,60.0,5,baseline,13675,0.19846491228070176,0.0529,912,950,509,127,0.9873,,49,7
5,5,1.0,2,50,0.6,200,random_walk,5.0,10,3,20,2.5,1,20,zero,0.05,60.0,5,baseline,13100,0.1952662721893491,0.0661,845,950,486,137,0.9863,,50,8
5,5,1.0,2,50,0.6,200,random_walk,5.0,10,3,20,2.5,1,20,zero,0.05,60.0,5,baseline,13850,0.176196032672112,0.0565,857,950,516,89,0.9911,,51,9
5,5,1.5,2,10,0.1,200,random_walk,5.0,10,3,20,2.5,1,20,zero,0.05,60.0,5,baseline,2490,0.0,0.494,0,190,92,0,1.0,,42,0
5,5,1.5,2,10,0.1,200,random_walk,5.0,10,3,20,2.5,1,20,zero,0.05,60.0,5,baseline,2465,0.0,0.1485,4,190,91,1,0.9995,,43,1
5,5,1.5,2,10,0.1,200,random_walk,5.0,10,3,20,2.5,1,20,zero,0.05,60.0,5,baseline,3265,0.0,0.449,7,190,123,2,0.999,,44,2
5,5,1.5,2,10,0.1,200,random_walk,5.0,10,3,20,2.5,1,20,zero,0.05,60.0,5,baseline,2615,0.0,0.1365,3,190,97,0,1.0,,45,3
5,5,1.5,2,10,0.1,200,random_walk,5.0,10,3,20,2.5,1,20,zero,0.05,60.0,5,baseline,2465,0.0,0.3355,3,190,91,0,1.0,,46,4
5,5,1.5,2,10,0.1,200,random_walk,5.0,10,3,20,2.5,1,20,zero,0.05,60.0,5,baseline,2665,0.0,0.332,9,190,99,5,0.9975,,47,5
5,5,1.5,2,10,0.1,200,random_walk,5.0,10,3,20,2.5,1,20,zero,0.05,60.0,5,baseline,2615,0.0,0.232,3,190,97,0,1.0,,48,6
5,5,1.5,2,10,0.1,200,random_walk,5.0,10,3,20,2.5,1,20,zero,0.05,60.0,5,baseline,2565,0.0,0.1355,3,190,95,0,1.0,,49,7
5,5,1.5,2,10,0.1,200,random_walk,5.0,10,3,20,2.5,1,20,zero,0.05,60.0,5,baseline,2565,0.0,0.2575,7,190,95,1,0.9995,,50,8
5,5,1.5,2,10,0.1,200,random_walk,5.0,10,3,20,2.5,1,20,zero,0.05,60.0,5,baseline,2890,0.0,0.3025,7,190,108,0,1.0,,51,9
5,5,1.5,2,30,0.1,200,random_walk,5.0,10,3,20,2.5,1,20,zero,0.05,60.0,5,baseline,7595,0.0,0.28883333333333333,12,570,281,0,1.0,,42,0
5,5,1.5,2,30,0.1,200,random_walk,5.0,10,3,20,2.5,1,20,zero,0.05,60.0,5,baseline,7595,0.0,0.2791666666666667,10,570,281,3,0.9995,,43,1
5,5,1.5,2,30,0.1,200,random_walk,5.0,10,3,20,2.5,1,20,zero,0.05,60.0,5,baseline,8545,0.0,0.4023333333333333,11,570,319,0,1.0,,44,2
5,5,1.5,2,30,0.1,200,random_walk,5.0,10,3,20,2.5,1,20,zero,0.05,60.0,5,baseline,7920,0.0,0.2841666666666667,5,570,294,0,1.0,,45,3
5,5,1.5,2,30,0.1,200,random_walk,5.0,10,3,20,2.5,1,20,zero,0.05,60.0,5,baseline,7245,0.0,0.31,11,570,267,0,1.0,,46,4
5,5,1.5,2,30,0.1,200,random_walk,5.0,10,3,20,2.5,1,20,zero,0.05,60.0,5,baseline,8120,0.0,0.234,15,570,302,1,0.9998333333333334,,47,5
5,5,1.5,2,30,0.1,200,random_walk,5.0,10,3,20,2.5,1,20,zero,0.05,60.0,5,baseline,8345,0.0,0.15866666666666668,14,570,311,0,1.0,,48,6
5,5,1.5,2,30,0.1,200,random_walk,5.0,10,3,20,2.5,1,20,zero,0.05,60.0,5,baseline,7945,0.0,0.177,13,570,295,0,1.0,,49,7
5,5,1.5,2,30,0.1,200,random_walk,5.0,10,3,20,2.5,1,20,zero,0.05,60.0,5,baseline,7695,0.0,0.3225,17,570,285,0,1.0,,50,8
5,5,1.5,2,30,0.1,200,random_walk,5.0,10,3,20,2.5,1,20,zero,0.05,60.0,5,baseline,8095,0.0,0.31416666666666665,5,570,301,0,1.0,,51,9
5,5,1.5,2,50,0.1,200,random_walk,5.0,10,3,20,2.5,1,20,zero,0.05,60.0,5,baseline,13075,0.0,0.306,15,950,485,2,0.9998,,42,0
5,5,1.5,2,50,0.1,200,random_walk,5.0,10,3,20,2.5,1,20,zero,0.05,60.0,5,baseline,12875,0.0,0.3307,14,950,477,2,0.9998,,43,1
5,5,1.5,2,50,0.1,200,random_walk,5.0,10,3,20,2.5,1,20,zero,0.05,60.0,5,baseline,13800,0.0,0.386,19,950,514,0,1.0,,44,2
5,5,1.5,2,50,0.1,200,random_walk,5.0,10,3,20,2.5,1,20,zero,0.05,60.0,5,baseline,13725,0.0,0.2863,15,950,511,4,0.9996,,45,3
5,5,1.5,2,50,0.1,200,random_walk,5.0,10,3,20,2.5,1,20,zero,0.05,60.0,5,baseline,12425,0.0,0.3164,11,950,459,1,0.9999,,46,4
5,5,1.5,2,50,0.1,200,random_walk,5.0,10,3,20,2.5,1,20,zero,0.05,60.0,5,baseline,13525,0.0,0.3059,26,950,503,5,0.9995,,47,5
5,5,1.5,2,50,0.1,200,random_walk,5.0,10,3,20,2.5,1,20,zero,0.05,60.0,5,baseline,13375,0.0,0.2648,29,950,497,4,0.9996,,48,6
5,5,1.5,2,50,0.1,200,random_walk,5.0,10,3,20,2.5,1,20,zero,0.05,60.0,5,baseline,13675,0.0,0.2248,22,950,509,2,0.9998,,49,7
5,5,1.5,2,50,0.1,200,random_walk,5.0,10,3,20,2.5,1,20,zero,0.05,60.0,5,baseline,13100,0.0,0.3128,19,950,486,0,1.0,,50,8
5,5,1.5,2,50,0.1,200,random_walk,5.0,10,3,20,2.5,1,20,zero,0.05,60.0,5,baseline,13850,0.0,0.2939,26,950,516,2,0.9998,,51,9
5,5,1.5,2,10,0.3,200,random_walk,5.0,10,3,20,2.5,1,20,zero,0.05,60.0,5,baseline,2490,0.10714285714285714,0.4235,28,190,92,1,0.9995,,42,0
5,5,1.5,2,10,0.3,200,random_walk,5.0,10,3,20,2.5,1,20,zero,0.05,60.0,5,baseline,2465,0.03571428571428571,0.316,28,190,91,5,0.9975,,43,1
5,5,1.5,2,10,0.3,200,random_walk,5.0,10,3,20,2.5,1,20,zero,0.05,60.0,5,baseline,3265,0.06666666666666667,0.3915,30,190,123,9,0.9955,,44,2
5,5,1.5,2,10,0.3,200,random_walk,5.0,10,3,20,2.5,1,20,zero,0.05,60.0,5,baseline,2615,0.0,0.247,17,190,97,0,1.0,,45,3
5,5,1.5,2,10,0.3,200,random_walk,5.0,10,3,20,2.5,1,20,zero,0.05,60.0,5,baseline,2465,0.0,0.287,20,190,91,5,0.9975,,46,4
5,5,1.5,2,10,0.3,200,random_walk,5.0,10,3,20,2.5,1,20,zero,0.05,60.0,5,baseline,2665,0.16666666666666666,0.2365,60,190,99,7,0.9965,,47,5
5,5,1.5,2,10,0.3,200,random_walk,5.0,10,3,20,2.5,1,20,zero,0.05,60.0,5,baseline,2615,0.08333333333333333,0.304,12,190,97,0,1.0,,48,6
5,5,1.5,2,10,0.3,200,random_walk,5.0,10,3,20,2.5,1,20,zero,0.05,60.0,5,baseline,2565,0.18181818181818182,0.162,33,190,95,0,1.0,,49,7
5,5,1.5,2,10,0.3,200,random_walk,5.0,10,3,20,2.5,1,20,zero,0.05,60.0,5,baseline,2565,0.08333333333333333,0.2485,36,190,95,9,0.9955,,50,8
5,5,1.5,2,10,0.3,200,random_walk,5.0,10,3,20,2.5,1,20,zero,0.05,60.0,5,baseline,2890,0.1,0.2175,30,190,108,0,1.0,,51,9
5,5,1.5,2,30,0.3,200,random_walk,5.0,10,3,20,2.5,1,20,zero,0.05,60.0,5,baseline,7595,0.11494252873563218,0.30316666666666664,87,570,281,9,0.9985,,42,0
5,5,1.5,2,30,0.3,200,random_walk,5.0,10,3,20,2.5,1,20,zero,0.05,60.0,5,baseline,7595,0.05813953488372093,0.2275,86,570,281,11,0.9981666666666666,,43,1
5,5,1.5,2,30,0.3,200,random_walk,5.0,10,3,20,2.5,1,20,zero,0.05,60.0,5,baseline,8545,0.10185185185185185,0.3636666666666667,108,570,319,14,0.9976666666666667,,44,2
5,5,1.5,2,30,0.3,200,random_walk,5.0,10,3,20,2.5,1,20,zero,0.05,60.0,5,baseline,7920,0.0660377358490566,0.24983333333333332,106,570,294,0,1.0,,45,3
5,5,1.5,2,30,0.3,200,random_walk,5.0,10,3,20,2.5,1,20,zero,0.05,60.0,5,baseline,7245,0.05714285714285714,0.372,70,570,267,3,0.9995,,46,4
5,5,1.5,2,30,0.3,200,random_walk,5.0,10,3,20,2.5,1,20,zero,0.05,60.0,5,baseline,8120,0.06944444444444445,0.19716666666666666,144,570,302,24,0.996,,47,5
5,5,1.5,2,30,0.3,200,random_walk,5.0,10,3,20,2.5,1,20,zero,0.05,60.0,5,baseline,8345,0.04597701149425287,0.25583333333333336,87,570,311,4,0.9993333333333333,,48,6
5,5,1.5,2,30,0.3,200,random_walk,5.0,10,3,20,2.5,1,20,zero,0.05,60.0,5,baseline,7945,0.13138686131386862,0.17166666666666666,137,570,295,20,0.9966666666666667,,49,7
5,5,1.5,2,30,0.3,200,random_walk,5.0,10,3,20,2.5,1,20,zero,0.05,60.0,5,baseline,7695,0.08791208791208792,0.37416666666666665,91,570,285,16,0.9973333333333333,,50,8
5,5,1.5,2,30,0.3,200,random_walk,5.0,10,3,20,2.5,1,20,zero,0.05,60.0,5,baseline,8095,0.027777777777777776,0.32716666666666666,72,570,301,4,0.9993333333333333,,51,9
5,5,1.5,2,50,0.3,200,random_walk,5.0,10,3,20,2.5,1,20,zero,0.05,60.0,5,baseline,13075,0.0661764705882353,0.2658,136,950,485,10,0.999,,42,0
5,5,1.5,2,50,0.3,200,random_walk,5.0,10,3,20,2.5,1,20,zero,0.05,60.0,5,baseline,12875,0.08029197080291971,0.3198,137,950,477,14,0.9986,,43,1
5,5,1.5,2,50,0.3,200,random_walk,5.0,10,3,20,2.5,1,20,zero,0.05,60.0,5,baseline,13800,0.08717948717948718,0.3245,195,950,514,35,0.9965,,44,2
5,5,1.5,2,50,0.3,200,random_walk,5.0,10,3,20,2.5,1,20,zero,0.05,60.0,5,baseline,13725,0.07407407407407407,0.323,162,950,511,10,0.999,,45,3
5,5,1.5,2,50,0.3,200,random_walk,5.0,10,3,20,2.5,1,20,zero,0.05,60.0,5,baseline,12425,0.059880239520958084,0.353,167,950,459,23,0.9977,,46,4
5,5,1.5,2,50,0.3,200,random_walk,5.0,10,3,20,2.5,1,20,zero,0.05,60.0,5,baseline,13525,0.11023622047244094,0.2372,254,950,503,53,0.9947,,47,5
5,5,1.5,2,50,0.3,200,random_walk,5.0,10,3,20,2.5,1,20,zero,0.05,60.0,5,baseline,13375,0.12658227848101267,0.2614,158,950,497,31,0.9969,,48,6
5,5,1.5,2,50,0.3,200,random_walk,5.0,10,3,20,2.5,1,20,zero,0.05,60.0,5,baseline,13675,0.11312217194570136,0.2221,221,950,509,38,0.9962,,49,7
5,5,1.5,2,50,0.3,200,random_walk,5.0,10,3,20,2.5,1,20,zero,0.05,60.0,5,baseline,13100,0.0625,0.3009,160,950,486,22,0.9978,,50,8
5,5,1.5,2,50,0.3,200,random_walk,5.0,10,3,20,2.5,1,20,zero,0.05,60.0,5,baseline,13850,0.05228758169934641,0.2867,153,950,516,14,0.9986,,51,9
5,5,1.5,2,10,0.6,200,random_walk,5.0,10,3,20,2.5,1,20,zero,0.05,60.0,5,baseline,2490,0.2692307692307692,0.3775,78,190,92,7,0.9965,,42,0
5,5,1.5,2,10,0.6,200,random_walk,5.0,10,3,20,2.5,1,20,zero,0.05,60.0,5,baseline,2465,0.2905982905982906,0.339,117,190,91,14,0.993,,43,1
5,5,1.5,2,10,0.6,200,random_walk,5.0,10,3,20,2.5,1,20,zero,0.05,60.0,5,baseline,3265,0.25210084033613445,0.3075,119,190,123,26,0.987,,44,2
5,5,1.5,2,10,0.6,200,random_walk,5.0,10,3,20,2.5,1,20,zero,0.05,60.0,5,baseline,2615,0.2,0.2665,85,190,97,13,0.9935,,45,3
5,5,1.5,2,10,0.6,200,random_walk,5.0,10,3,20,2.5,1,20,zero,0.05,60.0,5,baseline,2465,0.1935483870967742,0.2045,124,190,91,25,0.9875,,46,4
5,5,1.5,2,10,0.6,200,random_walk,5.0,10,3,20,2.5,1,20,zero,0.05,60.0,5,baseline,2665,0.22302158273381295,0.2065,139,190,99,16,0.992,,47,5
5,5,1.5,2,10,0.6,200,random_walk,5.0,10,3,20,2.5,1,20,zero,0.05,60.0,5,baseline,2615,0.21052631578947367,0.3975,57,190,97,5,0.9975,,48,6
5,5,1.5,2,10,0.6,200,random_walk,5.0,10,3,20,2.5,1,20,zero,0.05,60.0,5,baseline,2565,0.18110236220472442,0.1785,127,190,95,19,0.9905,,49,7
5,5,1.5,2,10,0.6,200,random_walk,5.0,10,3,20,2.5,1,20,zero,0.05,60.0,5,baseline,2565,0.1557377049180328,0.2315,122,190,95,11,0.9945,,50,8
5,5,1.5,2,10,0.6,200,random_walk,5.0,10,3,20,2.5,1,20,zero,0.05,60.0,5,baseline,2890,0.15053763440860216,0.333,93,190,108,15,0.9925,,51,9
5,5,1.5,2,30,0.6,200,random_walk,5.0,10,3,20,2.5,1,20,zero,0.05,60.0,5,baseline,7595,0.1958041958041958,0.302,286,570,281,42,0.993,,42,0
5,5,1.5,2,30,0.6,200,random_walk,5.0,10,3,20,2.5,1,20,zero,0.05,60.0,5,baseline,7595,0.18292682926829268,0.3005,328,570,281,40,0.9933333333333333,,43,1
5,5,1.5,2,30,0.6,200,random_walk,5.0,10,3,20,2.5,1,20,zero,0.05,60.0,5,baseline,8545,0.22955974842767296,0.3458333333333333,318,570,319,39,0.9935,,44,2
5,5,1.5,2,30,0.6,200,random_walk,5.0,10,3,20,2.5,1,20,zero,0.05,60.0,5,baseline,7920,0.2251655629139073,0.25283333333333335,302,570,294,46,0.9923333333333333,,45,3
5,5,1.5,2,30,0.6,200,random_walk,5.0,10,3,20,2.5,1,20,zero,0.05,60.0,5,baseline,7245,0.1543859649122807,0.3135,285,570,267,30,0.995,,46,4
5,5,1.5,2,30,0.6,200,random_walk,5.0,10,3,20,2.5,1,20,zero,0.05,60.0,5,baseline,8120,0.22038567493112948,0.228,363,570,302,74,0.9876666666666667,,47,5
5,5,1.5,2,30,0.6,200,random_walk,5.0,10,3,20,2.5,1,20,zero,0.05,60.0,5,baseline,8345,0.1867704280155642,0.3268333333333333,257,570,311,29,0.9951666666666666,,48,6
5,5,1.5,2,30,0.6,200,random_walk,5.0,10,3,20,2.5,1,20,zero,0.05,60.0,5,baseline,7945,0.18489583333333334,0.19383333333333333,384,570,295,44,0.9926666666666667,,49,7
5,5,1.5,2,30,0.6,200,random_walk,5.0,10,3,20,2.5,1,20,zero,0.05,60.0,5,baseline,7695,0.19285714285714287,0.3825,280,570,285,33,0.9945,,50,8
5,5,1.5,2,30,0.6,200,random_walk,5.0,10,3,20,2.5,1,20,zero,0.05,60.0,5,baseline,8095,0.2158273381294964,0.30416666666666664,278,570,301,33,0.9945,,51,9
5,5,1.5,2,50,0.6,200,random_walk,5.0,10,3,20,2.5,1,20,zero,0.05,60.0,5,baseline,13075,0.1958568738229755,0.2666,531,950,485,68,0.9932,,42,0
5,5,1.5,2,50,0.6,200,random_walk,5.0,10,3,20,2.5,1,20,zero,0.05,60.0,5,baseline,12875,0.22935779816513763,0.3162,545,950,477,110,0.989,,43,1
5,5,1.5,2,50,0.6,200,random_walk,5.0,10,3,20,2.5,1,20,zero,0.05,60.0,5,baseline,13800,0.19858156028368795,0.2784,564,950,514,73,0.9927,,44,2
5,5,1.5,2,50,0.6,200,random_walk,5.0,10,3,20,2.5,1,20,zero,0.05,60.0,5,baseline,13725,0.1884920634920635,0.3087,504,950,511,63,0.9937,,45,3
5,5,1.5,2,50,0.6,200,random_walk,5.0,10,3,20,2.5,1,20,zero,0.05,60.0,5,baseline,12425,0.2,0.3226,550,950,459,63,0.9937,,46,4
5,5,1.5,2,50,0.6,200,random_walk,5.0,10,3,20,2.5,1,20,zero,0.05,60.0,5,baseline,13525,0.21879588839941264,0.2367,681,950,503,100,0.99,,47,5
5,5,1.5,2,50,0.6,200,random_walk,5.0,10,3,20,2.5,1,20,zero,0.05,60.0,5,baseline,13375,0.21153846153846154,0.2914,572,950,497,99,0.9901,,48,6
5,5,1.5,2,50,0.6,200,random_walk,5.0,10,3,20,2.5,1,20,zero,0.05,60.0,5,baseline,13675,0.20443740095087162,0.233,631,950,509,101,0.9899,,49,7
5,5,1.5,2,50,0.6,200,random_walk,5.0,10,3,20,2.5,1,20,zero,0.05,60.0,5,baseline,13100,0.19264448336252188,0.2808,571,950,486,100,0.99,,50,8
5,5,1.5,2,50,0.6,200,random_walk,5.0,10,3,20,2.5,1,20,zero,0.05,60.0,5,baseline,13850,0.2007233273056058,0.2714,553,950,516,53,0.9947,,51,9
5,5,0.5,2,10,0.1,200,random_walk,5.0,10,3,20,2.5,1,20,zero,0.05,60.0,5,improved,2390,0.0,0.0,3,90,92,0,1.0,,42,0
5,5,0.5,2,10,0.1,200,random_walk,5.0,10,3,20,2.5,1,20,zero,0.05,60.0,5,improved,2365,0.0,0.0,5,90,91,1,0.9995,,43,1
5,5,0.5,2,10,0.1,200,random_walk,5.0,10,3,20,2.5,1,20,zero,0.05,60.0,5,improved,3165,0.0,0.0,9,90,123,3,0.9985,,44,2
5,5,0.5,2,10,0.1,200,random_walk,5.0,10,3,20,2.5,1,20,zero,0.05,60.0,5,improved,2515,0.0,0.0,5,90,97,0,1.0,,45,3
5,5,0.5,2,10,0.1,200,random_walk,5.0,10,3,20,2.5,1,20,zero,0.05,60.0,5,improved,2365,0.0,0.0,4,90,91,1,0.9995,,46,4
5,5,0.5,2,10,0.1,200,random_walk,5.0,10,3,20,2.5,1,20,zero,0.05,60.0,5,improved,2565,0.0,0.0,18,90,99,4,0.998,,47,5
5,5,0.5,2,10,0.1,200,random_walk,5.0,10,3,20,2.5,1,20,zero,0.05,60.0,5,improved,2515,0.0,0.0,5,90,97,0,1.0,,48,6
5,5,0.5,2,10,0.1,200,random_walk,5.0,10,3,20,2.5,1,20,zero,0.05,60.0,5,improved,2465,0.0,0.0,9,90,95,0,1.0,,49,7
5,5,0.5,2,10,0.1,200,random_walk,5.0,10,3,20,2.5,1,20,zero,0.05,60.0,5,improved,2465,0.0,0.0,8,90,95,3,0.9985,,50,8
5,5,0.5,2,10,0.1,200,random_walk,5.0,10,3,20,2.5,1,20,zero,0.05,60.0,5,improved,2790,0.0,0.0,8,90,108,0,1.0,,51,9
5,5,0.5,2,30,0.1,200,random_walk,5.0,10,3,20,2.5,1,20,zero,0.05,60.0,5,improved,7295,0.0,0.0,29,270,281,4,0.9993333333333333,,42,0
5,5,0.5,2,30,0.1,200,random_walk,5.0,10,3,20,2.5,1,20,zero,0.05,60.0,5,improved,7295,0.0,0.0,32,270,281,5,0.9991666666666666,,43,1
5,5,0.5,2,30,0.1,200,random_walk,5.0,10,3,20,2.5,1,20,zero,0.05,60.0,5,improved,8245,0.0,0.0,28,270,319,4,0.9993333333333333,,44,2
5,5,0.5,2,30,0.1,200,random_walk,5.0,10,3,20,2.5,1,20,zero,0.05,60.0,5,improved,7620,0.0,0.0,36,270,294,0,1.0,,45,3
5,5,0.5,2,30,0.1,200,random_walk,5.0,10,3,20,2.5,1,20,zero,0.05,60.0,5,improved,6945,0.0,0.0,15,270,267,0,1.0,,46,4
5,5,0.5,2,30,0.1,200,random_walk,5.0,10,3,20,2.5,1,20,zero,0.05,60.0,5,improved,7820,0.0,0.0,38,270,302,7,0.9988333333333334,,47,5
5,5,0.5,2,30,0.1,200,random_walk,5.0,10,3,20,2.5,1,20,zero,0.05,60.0,5,improved,8045,0.0,0.0,30,270,311,3,0.9995,,48,6
5,5,0.5,2,30,0.1,200,random_walk,5.0,10,3,20,2.5,1,20,zero,0.05,60.0,5,improved,7645,0.0,0.0,41,270,295,6,0.999,,49,7
5,5,0.5,2,30,0.1,200,random_walk,5.0,10,3,20,2.5,1,20,zero,0.05,60.0,5,improved,7395,0.0,0.0,38,270,285,8,0.9986666666666667,,50,8
5,5,0.5,2,30,0.1,200,random_walk,5.0,10,3,20,2.5,1,20,zero,0.05,60.0,5,improved,7795,0.0,0.0,22,270,301,1,0.9998333333333334,,51,9
5,5,0.5,2,50,0.1,200,random_walk,5.0,10,3,20,2.5,1,20,zero,0.05,60.0,5,improved,12575,0.0,0.0,38,450,485,3,0.9997,,42,0
5,5,0.5,2,50,0.1,200,random_walk,5.0,10,3,20,2.5,1,20,zero,0.05,60.0,5,improved,12375,0.0,0.0,46,450,477,7,0.9993,,43,1
5,5,0.5,2,50,0.1,200,random_walk,5.0,10,3,20,2.5,1,20,zero,0.05,60.0,5,improved,13300,0.0,0.0,47,450,514,9,0.9991,,44,2
5,5,0.5,2,50,0.1,200,random_walk,5.0,10,3,20,2.5,1,20,zero,0.05,60.0,5,improved,13225,0.0,0.0,38,450,511,3,0.9997,,45,3
5,5,0.5,2,50,0.1,200,random_walk,5.0,10,3,20,2.5,1,20,zero,0.05,60.0,5,improved,11925,0.0,0.0,47,450,459,8,0.9992,,46,4
5,5,0.5,2,50,0.1,200,random_walk,5.0,10,3,20,2.5,1,20,zero,0.05,60.0,5,improved,13025,0.0,0.0,62,450,503,16,0.9984,,47,5
5,5,0.5,2,50,0.1,200,random_walk,5.0,10,3,20,2.5,1,20,zero,0.05,60.0,5,improved,12875,0.0,0.0,55,450,497,7,0.9993,,48,6
5,5,0.5,2,50,0.1,200,random_walk,5.0,10,3,20,2.5,1,20,zero,0.05,60.0,5,improved,13175,0.0,0.0,45,450,509,12,0.9988,,49,7
5,5,0.5,2,50,0.1,200,random_walk,5.0,10,3,20,2.5,1,20,zero,0.05,60.0,5,improved,12600,0.0,0.0,42,450,486,4,0.9996,,50,8
5,5,0.5,2,50,0.1,200,random_walk,5.0,10,3,20,2.5,1,20,zero,0.05,60.0,5,improved,13350,0.0,0.0,57,450,516,8,0.9992,,51,9
5,5,0.5,2,10,0.3,200,random_walk,5.0,10,3,20,2.5,1,20,zero,0.05,60.0,5,improved,2390,0.0,0.0,53,90,92,6,0.997,,42,0
5,5,0.5,2,10,0.3,200,random_walk,5.0,10,3,20,2.5,1,20,zero,0.05,60.0,5,improved,2365,0.0,0.0,56,90,91,12,0.994,,43,1
5,5,0.5,2,10,0.3,200,random_walk,5.0,10,3,20,2.5,1,20,zero,0.05,60.0,5,improved,3165,0.03508771929824561,0.0,57,90,123,10,0.995,,44,2
5,5,0.5,2,10,0.3,200,random_walk,5.0,10,3,20,2.5,1,20,zero,0.05,60.0,5,improved,2515,0.0,0.0,49,90,97,9,0.9955,,45,3
5,5,0.5,2,10,0.3,200,random_walk,5.0,10,3,20,2.5,1,20,zero,0.05,60.0,5,improved,2365,0.0,0.0,69,90,91,15,0.9925,,46,4
5,5,0.5,2,10,0.3,200,random_walk,5.0,10,3,20,2.5,1,20,zero,0.05,60.0,5,improved,2565,0.0,0.0,53,90,99,7,0.9965,,47,5
5,5,0.5,2,10,0.3,200,random_walk,5.0,10,3,20,2.5,1,20,zero,0.05,60.0,5,improved,2515,0.0,0.0,37,90,97,7,0.9965,,48,6
5,5,0.5,2,10,0.3,200,random_walk,5.0,10,3,20,2.5,1,20,zero,0.05,60.0,5,improved,2465,0.0,0.0,76,90,95,9,0.9955,,49,7
5,5,0.5,2,10,0.3,200,random_walk,5.0,10,3,20,2.5,1,20,zero,0.05,60.0,5,improved,2465,0.0,0.0,67,90,95,6,0.997,,50,8
5,5,0.5,2,10,0.3,200,random_walk,5.0,10,3,20,2.5,1,20,zero,0.05,60.0,5,improved,2790,0.0,0.0,49,90,108,5,0.9975,,51,9
5,5,0.5,2,30,0.3,200,random_walk,5.0,10,3,20,2.5,1,20,zero,0.05,60.0,5,improved,7295,0.005847953216374269,0.0005,171,270,281,29,0.9951666666666666,,42,0
5,5,0.5,2,30,0.3,200,random_walk,5.0,10,3,20,2.5,1,20,zero,0.05,60.0,5,improved,7295,0.009345794392523364,0.00016666666666666666,214,270,281,34,0.9943333333333333,,43,1
5,5,0.5,2,30,0.3,200,random_walk,5.0,10,3,20,2.5,1,20,zero,0.05,60.0,5,improved,8245,0.0,0.0,180,270,319,26,0.9956666666666667,,44,2
5,5,0.5,2,30,0.3,200,random_walk,5.0,10,3,20,2.5,1,20,zero,0.05,60.0,5,improved,7620,0.0,0.00016666666666666666,179,270,294,23,0.9961666666666666,,45,3
5,5,0.5,2,30,0.3,200,random_walk,5.0,10,3,20,2.5,1,20,zero,0.05,60.0,5,improved,6945,0.012658227848101266,0.00016666666666666666,158,270,267,17,0.9971666666666666,,46,4
5,5,0.5,2,30,0.3,200,random_walk,5.0,10,3,20,2.5,1,20,zero,0.05,60.0,5,improved,7820,0.0,0.0,181,270,302,26,0.9956666666666667,,47,5
5,5,0.5,2,30,0.3,200,random_walk,5.0,10,3,20,2.5,1,20,zero,0.05,60.0,5,improved,8045,0.0,0.0015,133,270,311,18,0.997,,48,6
5,5,0.5,2,30,0.3,200,random_walk,5.0,10,3,20,2.5,1,20,zero,0.05,60.0,5,improved,7645,0.004784688995215311,0.0015,209,270,295,31,0.9948333333333333,,49,7
5,5,0.5,2,30,0.3,200,random_walk,5.0,10,3,20,2.5,1,20,zero,0.05,60.0,5,improved,7395,0.0,0.0,138,270,285,21,0.9965,,50,8
5,5,0.5,2,30,0.3,200,random_walk,5.0,10,3,20,2.5,1,20,zero,0.05,60.0,5,improved,7795,0.0,0.0,152,270,301,22,0.9963333333333333,,51,9
5,5,0.5,2,50,0.3,200,random_walk,5.0,10,3,20,2.5,1,20,zero,0.05,60.0,5,improved,12575,0.003355704697986577,0.0001,298,450,485,44,0.9956,,42,0
5,5,0.5,2,50,0.3,200,random_walk,5.0,10,3,20,2.5,1,20,zero,0.05,60.0,5,improved,12375,0.0,0.0018,289,450,477,48,0.9952,,43,1
5,5,0.5,2,50,0.3,200,random_walk,5.0,10,3,20,2.5,1,20,zero,0.05,60.0,5,improved,13300,0.0,0.0024,308,450,514,55,0.9945,,44,2
5,5,0.5,2,50,0.3,200,random_walk,5.0,10,3,20,2.5,1,20,zero,0.05,60.0,5,improved,13225,0.0,0.0,239,450,511,34,0.9966,,45,3
5,5,0.5,2,50,0.3,200,random_walk,5.0,10,3,20,2.5,1,20,zero,0.05,60.0,5,improved,11925,0.0,0.0016,286,450,459,47,0.9953,,46,4
5,5,0.5,2,50,0.3,200,random_walk,5.0,10,3,20,2.5,1,20,zero,0.05,60.0,5,improved,13025,0.005934718100890208,0.0,337,450,503,51,0.9949,,47,5
5,5,0.5,2,50,0.3,200,random_walk,5.0,10,3,20,2.5,1,20,zero,0.05,60.0,5,improved,12875,0.0,0.0,302,450,497,39,0.9961,,48,6
5,5,0.5,2,50,0.3,200,random_walk,5.0,10,3,20,2.5,1,20,zero,0.05,60.0,5,improved,13175,0.0,0.0,327,450,509,54,0.9946,,49,7
5,5,0.5,2,50,0.3,200,random_walk,5.0,10,3,20,2.5,1,20,zero,0.05,60.0,5,improved,12600,0.0,0.0,294,450,486,45,0.9955,,50,8
5,5,0.5,2,50,0.3,200,random_walk,5.0,10,3,20,2.5,1,20,zero,0.05,60.0,5,improved,13350,0.0,0.0,324,450,516,38,0.9962,,51,9
5,5,0.5,2,10,0.6,200,random_walk,5.0,10,3,20,2.5,1,20,zero,0.05,60.0,5,improved,2390,0.026845637583892617,0.0015,149,90,92,27,0.9865,,42,0
5,5,0.5,2,10,0.6,200,random_walk,5.0,10,3,20,2.5,1,20,zero,0.05,60.0,5,improved,2365,0.0,0.0005,119,90,91,17,0.9915,,43,1
5,5,0.5,2,10,0.6,200,random_walk,5.0,10,3,20,2.5,1,20,zero,0.05,60.0,5,improved,3165,0.007246376811594203,0.0,138,90,123,28,0.986,,44,2
5,5,0.5,2,10,0.6,200,random_walk,5.0,10,3,20,2.5,1,20,zero,0.05,60.0,5,improved,2515,0.012987012987012988,0.0,154,90,97,25,0.9875,,45,3
5,5,0.5,2,10,0.6,200,random_walk,5.0,10,3,20,2.5,1,20,zero,0.05,60.0,5,improved,2365,0.0125,0.0,160,90,91,26,0.987,,46,4
5,5,0.5,2,10,0.6,200,random_walk,5.0,10,3,20,2.5,1,20,zero,0.05,60.0,5,improved,2565,0.006097560975609756,0.0,164,90,99,24,0.988,,47,5
5,5,0.5,2,10,0.6,200,random_walk,5.0,10,3,20,2.5,1,20,zero,0.05,60.0,5,improved,2515,0.0,0.001,145,90,97,20,0.99,,48,6
5,5,0.5,2,10,0.6,200,random_walk,5.0,10,3,20,2.5,1,20,zero,0.05,60.0,5,improved,2465,0.0,0.0005,179,90,95,32,0.984,,49,7
5,5,0.5,2,10,0.6,200,random_walk,5.0,10,3,20,2.5,1,20,zero,0.05,60.0,5,improved,2465,0.0,0.0,170,90,95,32,0.984,,50,8
5,5,0.5,2,10,0.6,200,random_walk,5.0,10,3,20,2.5,1,20,zero,0.05,60.0,5,improved,2790,0.0,0.0,132,90,108,14,0.993,,51,9
5,5,0.5,2,30,0.6,200,random_walk,5.0,10,3,20,2.5,1,20,zero,0.05,60.0,5,improved,7295,0.011682242990654205,0.0006666666666666666,428,270,281,64,0.9893333333333333,,42,0
5,5,0.5,2,30,0.6,200,random_walk,5.0,10,3,20,2.5,1,20,zero,0.05,60.0,5,improved,7295,0.009708737864077669,0.0,412,270,281,59,0.9901666666666666,,43,1
5,5,0.5,2,30,0.6,200,random_walk,5.0,10,3,20,2.5,1,20,zero,0.05,60.0,5,improved,8245,0.015463917525773196,0.0006666666666666666,388,270,319,64,0.9893333333333333,,44,2
5,5,0.5,2,30,0.6,200,random_walk,5.0,10,3,20,2.5,1,20,zero,0.05,60.0,5,improved,7620,0.009237875288683603,0.0,433,270,294,57,0.9905,,45,3
5,5,0.5,2,30,0.6,200,random_walk,5.0,10,3,20,2.5,1,20,zero,0.05,60.0,5,improved,6945,0.014962593516209476,0.0,401,270,267,57,0.9905,,46,4
5,5,0.5,2,30,0.6,200,random_walk,5.0,10,3,20,2.5,1,20,zero,0.05,60.0,5,improved,7820,0.013544018058690745,0.0033333333333333335,443,270,302,62,0.9896666666666667,,47,5
5,5,0.5,2,30,0.6,200,random_walk,5.0,10,3,20,2.5,1,20,zero,0.05,60.0,5,improved,8045,0.00267379679144385,0.0011666666666666668,374,270,311,55,0.9908333333333333,,48,6
5,5,0.5,2,30,0.6,200,random_walk,5.0,10,3,20,2.5,1,20,zero,0.05,60.0,5,improved,7645,0.012077294685990338,0.0003333333333333333,414,270,295,56,0.9906666666666667,,49,7
5,5,0.5,2,30,0.6,200,random_walk,5.0,10,3,20,2.5,1,20,zero,0.05,60.0,5,improved,7395,0.013477088948787063,0.0008333333333333334,371,270,285,53,0.9911666666666666,,50,8
5,5,0.5,2,30,0.6,200,random_walk,5.0,10,3,20,2.5,1,20,zero,0.05,60.0,5,improved,7795,0.007575757575757576,0.0008333333333333334,396,270,301,57,0.9905,,51,9
5,5,0.5,2,50,0.6,200,random_walk,5.0,10,3,20,2.5,1,20,zero,0.05,60.0,5,improved,12575,0.00816326530612245,0.0003,735,450,485,114,0.9886,,42,0
5,5,0.5,2,50,0.6,200,random_walk,5.0,10,3,20,2.5,1,20,zero,0.05,60.0,5,improved,12375,0.008915304606240713,0.0032,673,450,477,96,0.9904,,43,1
5,5,0.5,2,50,0.6,200,random_walk,5.0,10,3,20,2.5,1,20,zero,0.05,60.0,5,improved,13300,0.011984021304926764,0.0004,751,450,514,142,0.9858,,44,2
5,5,0.5,2,50,0.6,200,random_walk,5.0,10,3,20,2.5,1,20,zero,0.05,60.0,5,improved,13225,0.004709576138147566,0.0007,637,450,511,97,0.9903,,45,3
5,5,0.5,2,50,0.6,200,random_walk,5.0,10,3,20,2.5,1,20,zero,0.05,60.0,5,improved,11925,0.010130246020260492,0.0023,691,450,459,93,0.9907,,46,4
5,5,0.5,2,50,0.6,200,random_walk,5.0,10,3,20,2.5,1,20,zero,0.05,60.0,5,improved,13025,0.008928571428571428,0.0016,784,450,503,107,0.9893,,47,5
5,5,0.5,2,50,0.6,200,random_walk,5.0,10,3,20,2.5,1,20,zero,0.05,60.0,5,improved,12875,0.009971509971509971,0.0032,702,450,497,100,0.99,,48,6
5,5,0.5,2,50,0.6,200,random_walk,5.0,10,3,20,2.5,1,20,zero,0.05,60.0,5,improved,13175,0.005555555555555556,0.0005,720,450,509,110,0.989,,49,7
5,5,0.5,2,50,0.6,200,random_walk,5.0,10,3,20,2.5,1,20,zero,0.05,60.0,5,improved,12600,0.010174418604651164,0.0006,688,450,486,110,0.989,,50,8
5,5,0.5,2,50,0.6,200,random_walk,5.0,10,3,20,2.5,1,20,zero,0.05,60.0,5,improved,13350,0.008275862068965517,0.0001,725,450,516,112,0.9888,,51,9
5,5,1.0,2,10,0.1,200,random_walk,5.0,10,3,20,2.5,1,20,zero,0.05,60.0,5,improved,2390,0.0,0.0245,0,90,92,0,1.0,,42,0
5,5,1.0,2,10,0.1,200,random_walk,5.0,10,3,20,2.5,1,20,zero,0.05,60.0,5,improved,2365,0.0,0.038,3,90,91,1,0.9995,,43,1
5,5,1.0,2,10,0.1,200,random_walk,5.0,10,3,20,2.5,1,20,zero,0.05,60.0,5,improved,3165,0.0,0.072,8,90,123,5,0.9975,,44,2
5,5,1.0,2,10,0.1,200,random_walk,5.0,10,3,20,2.5,1,20,zero,0.05,60.0,5,improved,2515,0.0,0.095,2,90,97,0,1.0,,45,3
5,5,1.0,2,10,0.1,200,random_walk,5.0,10,3,20,2.5,1,20,zero,0.05,60.0,5,improved,2365,0.0,0.168,4,90,91,0,1.0,,46,4
5,5,1.0,2,10,0.1,200,random_walk,5.0,10,3,20,2.5,1,20,zero,0.05,60.0,5,improved,2565,0.0,0.0135,9,90,99,4,0.998,,47,5
5,5,1.0,2,10,0.1,200,random_walk,5.0,10,3,20,2.5,1,20,zero,0.05,60.0,5,improved,2515,0.0,0.0115,2,90,97,0,1.0,,48,6
5,5,1.0,2,10,0.1,200,random_walk,5.0,10,3,20,2.5,1,20,zero,0.05,60.0,5,improved,2465,0.0,0.0,3,90,95,0,1.0,,49,7
5,5,1.0,2,10,0.1,200,random_walk,5.0,10,3,20,2.5,1,20,zero,0.05,60.0,5,improved,2465,0.0,0.1025,6,90,95,1,0.9995,,50,8
5,5,1.0,2,10,0.1,200,random_walk,5.0,10,3,20,2.5,1,20,zero,0.05,60.0,5,improved,2790,0.0,0.0,6,90,108,0,1.0,,51,9
5,5,1.0,2,30,0.1,200,random_walk,5.0,10,3,20,2.5,1,20,zero,0.05,60.0,5,improved,7295,0.0,0.043166666666666666,15,270,281,0,1.0,,42,0
5,5,1.0,2,30,0.1,200,random_walk,5.0,10,3,20,2.5,1,20,zero,0.05,60.0,5,improved,7295,0.0,0.024,16,270,281,4,0.9993333333333333,,43,1
5,5,1.0,2,30,0.1,200,random_walk,5.0,10,3,20,2.5,1,20,zero,0.05,60.0,5,improved,8245,0.0,0.009833333333333333,11,270,319,0,1.0,,44,2
5,5,1.0,2,30,0.1,200,random_walk,5.0,10,3,20,2.5,1,20,zero,0.05,60.0,5,improved,7620,0.0,0.06116666666666667,10,270,294,0,1.0,,45,3
5,5,1.0,2,30,0.1,200,random_walk,5.0,10,3,20,2.5,1,20,zero,0.05,60.0,5,improved,6945,0.0,0.08,13,270,267,0,1.0,,46,4
5,5,1.0,2,30,0.1,200,random_walk,5.0,10,3,20,2.5,1,20,zero,0.05,60.0,5,improved,7820,0.0,0.049666666666666665,18,270,302,1,0.9998333333333334,,47,5
5,5,1.0,2,30,0.1,200,random_walk,5.0,10,3,20,2.5,1,20,zero,0.05,60.0,5,improved,8045,0.0,0.004666666666666667,12,270,311,1,0.9998333333333334,,48,6
5,5,1.0,2,30,0.1,200,random_walk,5.0,10,3,20,2.5,1,20,zero,0.05,60.0,5,improved,7645,0.0,0.0175,26,270,295,3,0.9995,,49,7
5,5,1.0,2,30,0.1,200,random_walk,5.0,10,3,20,2.5,1,20,zero,0.05,60.0,5,improved,7395,0.0,0.122,20,270,285,4,0.9993333333333333,,50,8
5,5,1.0,2,30,0.1,200,random_walk,5.0,10,3,20,2.5,1,20,zero,0.05,60.0,5,improved,7795,0.0,0.028166666666666666,6,270,301,0,1.0,,51,9
5,5,1.0,2,50,0.1,200,random_walk,5.0,10,3,20,2.5,1,20,zero,0.05,60.0,5,improved,12575,0.0,0.0244,16,450,485,2,0.9998,,42,0
5,5,1.0,2,50,0.1,200,random_walk,5.0,10,3,20,2.5,1,20,zero,0.05,60.0,5,improved,12375,0.0,0.0582,14,450,477,2,0.9998,,43,1
5,5,1.0,2,50,0.1,200,random_walk,5.0,10,3,20,2.5,1,20,zero,0.05,60.0,5,improved,13300,0.0,0.0187,23,450,514,0,1.0,,44,2
5,5,1.0,2,50,0.1,200,random_walk,5.0,10,3,20,2.5,1,20,zero,0.05,60.0,5,improved,13225,0.0,0.0617,17,450,511,2,0.9998,,45,3
5,5,1.0,2,50,0.1,200,random_walk,5.0,10,3,20,2.5,1,20,zero,0.05,60.0,5,improved,11925,0.0,0.0791,18,450,459,3,0.9997,,46,4
5,5,1.0,2,50,0.1,200,random_walk,5.0,10,3,20,2.5,1,20,zero,0.05,60.0,5,improved,13025,0.0,0.0586,36,450,503,5,0.9995,,47,5
5,5,1.0,2,50,0.1,200,random_walk,5.0,10,3,20,2.5,1,20,zero,0.05,60.0,5,improved,12875,0.0,0.0423,29,450,497,3,0.9997,,48,6
5,5,1.0,2,50,0.1,200,random_walk,5.0,10,3,20,2.5,1,20,zero,0.05,60.0,5,improved,13175,0.0,0.0122,26,450,509,2,0.9998,,49,7
5,5,1.0,2,50,0.1,200,random_walk,5.0,10,3,20,2.5,1,20,zero,0.05,60.0,5,improved,12600,0.0,0.0818,19,450,486,1,0.9999,,50,8
5,5,1.0,2,50,0.1,200,random_walk,5.0,10,3,20,2.5,1,20,zero,0.05,60.0,5,improved,13350,0.0,0.0316,25,450,516,2,0.9998,,51,9
5,5,1.0,2,10,0.3,200,random_walk,5.0,10,3,20,2.5,1,20,zero,0.05,60.0,5,improved,2390,0.0,0.0225,21,90,92,1,0.9995,,42,0
5,5,1.0,2,10,0.3,200,random_walk,5.0,10,3,20,2.5,1,20,zero,0.05,60.0,5,improved,2365,0.0,0.0805,22,90,91,6,0.997,,43,1
5,5,1.0,2,10,0.3,200,random_walk,5.0,10,3,20,2.5,1,20,zero,0.05,60.0,5,improved,3165,0.04,0.1185,25,90,123,5,0.9975,,44,2
5,5,1.0,2,10,0.3,200,random_walk,5.0,10,3,20,2.5,1,20,zero,0.05,60.0,5,improved,2515,0.0,0.0395,21,90,97,1,0.9995,,45,3
5,5,1.0,2,10,0.3,200,random_walk,5.0,10,3,20,2.5,1,20,zero,0.05,60.0,5,improved,2365,0.0,0.0895,27,90,91,4,0.998,,46,4
5,5,1.0,2,10,0.3,200,random_walk,5.0,10,3,20,2.5,1,20,zero,0.05,60.0,5,improved,2565,0.0,0.011,47,90,99,4,0.998,,47,5
5,5,1.0,2,10,0.3,200,random_walk,5.0,10,3,20,2.5,1,20,zero,0.05,60.0,5,improved,2515,0.0,0.073,17,90,97,2,0.999,,48,6
5,5,1.0,2,10,0.3,200,random_walk,5.0,10,3,20,2.5,1,20,zero,0.05,60.0,5,improved,2465,0.0,0.0005,39,90,95,7,0.9965,,49,7
5,5,1.0,2,10,0.3,200,random_walk,5.0,10,3,20,2.5,1,20,zero,0.05,60.0,5,improved,2465,0.0,0.0815,36,90,95,4,0.998,,50,8
5,5,1.0,2,10,0.3,200,random_walk,5.0,10,3,20,2.5,1,20,zero,0.05,60.0,5,improved,2790,0.0,0.0335,29,90,108,2,0.999,,51,9
5,5,1.0,2,30,0.3,200,random_walk,5.0,10,3,20,2.5,1,20,zero,0.05,60.0,5,improved,7295,0.0,0.058666666666666666,82,270,281,9,0.9985,,42,0
5,5,1.0,2,30,0.3,200,random_walk,5.0,10,3,20,2.5,1,20,zero,0.05,60.0,5,improved,7295,0.0,0.0655,95,270,281,9,0.9985,,43,1
5,5,1.0,2,30,0.3,200,random_walk,5.0,10,3,20,2.5,1,20,zero,0.05,60.0,5,improved,8245,0.0,0.05483333333333333,96,270,319,17,0.9971666666666666,,44,2
5,5,1.0,2,30,0.3,200,random_walk,5.0,10,3,20,2.5,1,20,zero,0.05,60.0,5,improved,7620,0.0,0.0515,90,270,294,9,0.9985,,45,3
5,5,1.0,2,30,0.3,200,random_walk,5.0,10,3,20,2.5,1,20,zero,0.05,60.0,5,improved,6945,0.0,0.09116666666666666,79,270,267,6,0.999,,46,4
5,5,1.0,2,30,0.3,200,random_walk,5.0,10,3,20,2.5,1,20,zero,0.05,60.0,5,improved,7820,0.0,0.043833333333333335,121,270,302,22,0.9963333333333333,,47,5
5,5,1.0,2,30,0.3,200,random_walk,5.0,10,3,20,2.5,1,20,zero,0.05,60.0,5,improved,8045,0.0,0.056,69,270,311,8,0.9986666666666667,,48,6
5,5,1.0,2,30,0.3,200,random_walk,5.0,10,3,20,2.5,1,20,zero,0.05,60.0,5,improved,7645,0.0,0.0395,112,270,295,14,0.9976666666666667,,49,7
5,5,1.0,2,30,0.3,200,random_walk,5.0,10,3,20,2.5,1,20,zero,0.05,60.0,5,improved,7395,0.0,0.11916666666666667,85,270,285,13,0.9978333333333333,,50,8
5,5,1.0,2,30,0.3,200,random_walk,5.0,10,3,20,2.5,1,20,zero,0.05,60.0,5,improved,7795,0.0,0.07083333333333333,78,270,301,7,0.9988333333333334,,51,9
5,5,1.0,2,50,0.3,200,random_walk,5.0,10,3,20,2.5,1,20,zero,0.05,60.0,5,improved,12575,0.006622516556291391,0.0433,151,450,485,19,0.9981,,42,0
5,5,1.0,2,50,0.3,200,random_walk,5.0,10,3,20,2.5,1,20,zero,0.05,60.0,5,improved,12375,0.0,0.0912,151,450,477,24,0.9976,,43,1
5,5,1.0,2,50,0.3,200,random_walk,5.0,10,3,20,2.5,1,20,zero,0.05,60.0,5,improved,13300,0.00684931506849315,0.0675,146,450,514,33,0.9967,,44,2
5,5,1.0,2,50,0.3,200,random_walk,5.0,10,3,20,2.5,1,20,zero,0.05,60.0,5,improved,13225,0.0,0.0671,129,450,511,14,0.9986,,45,3
5,5,1.0,2,50,0.3,200,random_walk,5.0,10,3,20,2.5,1,20,zero,0.05,60.0,5,improved,11925,0.006060606060606061,0.0863,165,450,459,22,0.9978,,46,4
5,5,1.0,2,50,0.3,200,random_walk,5.0,10,3,20,2.5,1,20,zero,0.05,60.0,5,improved,13025,0.0049261083743842365,0.0593,203,450,503,26,0.9974,,47,5
5,5,1.0,2,50,0.3,200,random_walk,5.0,10,3,20,2.5,1,20,zero,0.05,60.0,5,improved,12875,0.005988023952095809,0.0565,167,450,497,33,0.9967,,48,6
5,5,1.0,2,50,0.3,200,random_walk,5.0,10,3,20,2.5,1,20,zero,0.05,60.0,5,improved,13175,0.0,0.0419,175,450,509,29,0.9971,,49,7
5,5,1.0,2,50,0.3,200,random_walk,5.0,10,3,20,2.5,1,20,zero,0.05,60.0,5,improved,12600,0.0,0.0822,169,450,486,29,0.9971,,50,8
5,5,1.0,2,50,0.3,200,random_walk,5.0,10,3,20,2.5,1,20,zero,0.05,60.0,5,improved,13350,0.006211180124223602,0.0407,161,450,516,18,0.9982,,51,9
5,5,1.0,2,10,0.6,200,random_walk,5.0,10,3,20,2.5,1,20,zero,0.05,60.0,5,improved,2390,0.0,0.069,67,90,92,6,0.997,,42,0
5,5,1.0,2,10,0.6,200,random_walk,5.0,10,3,20,2.5,1,20,zero,0.05,60.0,5,improved,2365,0.025974025974025976,0.0645,77,90,91,16,0.992,,43,1
5,5,1.0,2,10,0.6,200,random_walk,5.0,10,3,20,2.5,1,20,zero,0.05,60.0,5,improved,3165,0.04819277108433735,0.0935,83,90,123,16,0.992,,44,2
5,5,1.0,2,10,0.6,200,random_walk,5.0,10,3,20,2.5,1,20,zero,0.05,60.0,5,improved,2515,0.023809523809523808,0.0445,84,90,97,13,0.9935,,45,3
5,5,1.0,2,10,0.6,200,random_walk,5.0,10,3,20,2.5,1,20,zero,0.05,60.0,5,improved,2365,0.047619047619047616,0.04,105,90,91,21,0.9895,,46,4
5,5,1.0,2,10,0.6,200,random_walk,5.0,10,3,20,2.5,1,20,zero,0.05,60.0,5,improved,2565,0.012987012987012988,0.032,77,90,99,9,0.9955,,47,5
5,5,1.0,2,10,0.6,200,random_walk,5.0,10,3,20,2.5,1,20,zero,0.05,60.0,5,improved,2515,0.0,0.1225,65,90,97,10,0.995,,48,6
5,5,1.0,2,10,0.6,200,random_walk,5.0,10,3,20,2.5,1,20,zero,0.05,60.0,5,improved,2465,0.02608695652173913,0.033,115,90,95,13,0.9935,,49,7
5,5,1.0,2,10,0.6,200,random_walk,5.0,10,3,20,2.5,1,20,zero,0.05,60.0,5,improved,2465,0.0,0.053,88,90,95,10,0.995,,50,8
5,5,1.0,2,10,0.6,200,random_walk,5.0,10,3,20,2.5,1,20,zero,0.05,60.0,5,improved,2790,0.02564102564102564,0.0835,78,90,108,7,0.9965,,51,9
5,5,1.0,2,30,0.6,200,random_walk,5.0,10,3,20,2.5,1,20,zero,0.05,60.0,5,improved,7295,0.01327433628318584,0.0735,226,270,281,42,0.993,,42,0
5,5,1.0,2,30,0.6,200,random_walk,5.0,10,3,20,2.5,1,20,zero,0.05,60.0,5,improved,7295,0.027586206896551724,0.08283333333333333,290,270,281,47,0.9921666666666666,,43,1
5,5,1.0,2,30,0.6,200,random_walk,5.0,10,3,20,2.5,1,20,zero,0.05,60.0,5,improved,8245,0.017167381974248927,0.06783333333333333,233,270,319,33,0.9945,,44,2
5,5,1.0,2,30,0.6,200,random_walk,5.0,10,3,20,2.5,1,20,zero,0.05,60.0,5,improved,7620,0.0163265306122449,0.0575,245,270,294,29,0.9951666666666666,,45,3
5,5,1.0,2,30,0.6,200,random_walk,5.0,10,3,20,2.5,1,20,zero,0.05,60.0,5,improved,6945,0.012448132780082987,0.07833333333333334,241,270,267,31,0.9948333333333333,,46,4
5,5,1.0,2,30,0.6,200,random_walk,5.0,10,3,20,2.5,1,20,zero,0.05,60.0,5,improved,7820,0.007722007722007722,0.07,259,270,302,41,0.9931666666666666,,47,5
5,5,1.0,2,30,0.6,200,random_walk,5.0,10,3,20,2.5,1,20,zero,0.05,60.0,5,improved,8045,0.010582010582010581,0.06916666666666667,189,270,311,30,0.995,,48,6
5,5,1.0,2,30,0.6,200,random_walk,5.0,10,3,20,2.5,1,20,zero,0.05,60.0,5,improved,7645,0.018518518518518517,0.06233333333333333,270,270,295,45,0.9925,,49,7
5,5,1.0,2,30,0.6,200,random_walk,5.0,10,3,20,2.5,1,20,zero,0.05,60.0,5,improved,7395,0.02727272727272727,0.10316666666666667,220,270,285,31,0.9948333333333333,,50,8
5,5,1.0,2,30,0.6,200,random_walk,5.0,10,3,20,2.5,1,20,zero,0.05,60.0,5,improved,7795,0.019417475728155338,0.07933333333333334,206,270,301,28,0.9953333333333333,,51,9
5,5,1.0,2,50,0.6,200,random_walk,5.0,10,3,20,2.5,1,20,zero,0.05,60.0,5,improved,12575,0.014669926650366748,0.0506,409,450,485,63,0.9937,,42,0
5,5,1.0,2,50,0.6,200,random_walk,5.0,10,3,20,2.5,1,20,zero,0.05,60.0,5,improved,12375,0.025510204081632654,0.0884,392,450,477,62,0.9938,,43,1
5,5,1.0,2,50,0.6,200,random_walk,5.0,10,3,20,2.5,1,20,zero,0.05,60.0,5,improved,13300,0.02,0.0705,450,450,514,76,0.9924,,44,2
5,5,1.0,2,50,0.6,200,random_walk,5.0,10,3,20,2.5,1,20,zero,0.05,60.0,5,improved,13225,0.026385224274406333,0.079,379,450,511,57,0.9943,,45,3
5,5,1.0,2,50,0.6,200,random_walk,5.0,10,3,20,2.5,1,20,zero,0.05,60.0,5,improved,11925,0.015424164524421594,0.0705,389,450,459,57,0.9943,,46,4
5,5,1.0,2,50,0.6,200,random_walk,5.0,10,3,20,2.5,1,20,zero,0.05,60.0,5,improved,13025,0.006521739130434782,0.0553,460,450,503,63,0.9937,,47,5
5,5,1.0,2,50,0.6,200,random_walk,5.0,10,3,20,2.5,1,20,zero,0.05,60.0,5,improved,12875,0.016666666666666666,0.0732,420,450,497,53,0.9947,,48,6
5,5,1.0,2,50,0.6,200,random_walk,5.0,10,3,20,2.5,1,20,zero,0.05,60.0,5,improved,13175,0.008849557522123894,0.0545,452,450,509,72,0.9928,,49,7
5,5,1.0,2,50,0.6,200,random_walk,5.0,10,3,20,2.5,1,20,zero,0.05,60.0,5,improved,12600,0.02112676056338028,0.0708,426,450,486,68,0.9932,,50,8
5,5,1.0,2,50,0.6,200,random_walk,5.0,10,3,20,2.5,1,20,zero,0.05,60.0,5,improved,13350,0.021739130434782608,0.0628,460,450,516,51,0.9949,,51,9
5,5,1.5,2,10,0.1,200,random_walk,5.0,10,3,20,2.5,1,20,zero,0.05,60.0,5,improved,2390,0.0,0.494,0,90,92,0,1.0,,42,0
5,5,1.5,2,10,0.1,200,random_walk,5.0,10,3,20,2.5,1,20,zero,0.05,60.0,5,improved,2365,0.0,0.1485,4,90,91,1,0.9995,,43,1
5,5,1.5,2,10,0.1,200,random_walk,5.0,10,3,20,2.5,1,20,zero,0.05,60.0,5,improved,3165,0.0,0.449,5,90,123,2,0.999,,44,2
5,5,1.5,2,10,0.1,200,random_walk,5.0,10,3,20,2.5,1,20,zero,0.05,60.0,5,improved,2515,0.0,0.1385,1,90,97,0,1.0,,45,3
5,5,1.5,2,10,0.1,200,random_walk,5.0,10,3,20,2.5,1,20,zero,0.05,60.0,5,improved,2365,0.0,0.3355,3,90,91,0,1.0,,46,4
5,5,1.5,2,10,0.1,200,random_walk,5.0,10,3,20,2.5,1,20,zero,0.05,60.0,5,improved,2565,0.0,0.334,6,90,99,4,0.998,,47,5
5,5,1.5,2,10,0.1,200,random_walk,5.0,10,3,20,2.5,1,20,zero,0.05,60.0,5,improved,2515,0.0,0.232,3,90,97,0,1.0,,48,6
5,5,1.5,2,10,0.1,200,random_walk,5.0,10,3,20,2.5,1,20,zero,0.05,60.0,5,improved,2465,0.0,0.1355,3,90,95,0,1.0,,49,7
5,5,1.5,2,10,0.1,200,random_walk,5.0,10,3,20,2.5,1,20,zero,0.05,60.0,5,improved,2465,0.0,0.2575,6,90,95,1,0.9995,,50,8
5,5,1.5,2,10,0.1,200,random_walk,5.0,10,3,20,2.5,1,20,zero,0.05,60.0,5,improved,2790,0.0,0.3025,4,90,108,0,1.0,,51,9
5,5,1.5,2,30,0.1,200,random_walk,5.0,10,3,20,2.5,1,20,zero,0.05,60.0,5,improved,7295,0.0,0.28883333333333333,11,270,281,0,1.0,,42,0
5,5,1.5,2,30,0.1,200,random_walk,5.0,10,3,20,2.5,1,20,zero,0.05,60.0,5,improved,7295,0.0,0.2793333333333333,9,270,281,2,0.9996666666666667,,43,1
5,5,1.5,2,30,0.1,200,random_walk,5.0,10,3,20,2.5,1,20,zero,0.05,60.0,5,improved,8245,0.0,0.4023333333333333,9,270,319,0,1.0,,44,2
5,5,1.5,2,30,0.1,200,random_walk,5.0,10,3,20,2.5,1,20,zero,0.05,60.0,5,improved,7620,0.0,0.2841666666666667,5,270,294,0,1.0,,45,3
5,5,1.5,2,30,0.1,200,random_walk,5.0,10,3,20,2.5,1,20,zero,0.05,60.0,5,improved,6945,0.0,0.31,7,270,267,0,1.0,,46,4
5,5,1.5,2,30,0.1,200,random_walk,5.0,10,3,20,2.5,1,20,zero,0.05,60.0,5,improved,7820,0.0,0.23683333333333334,12,270,302,1,0.9998333333333334,,47,5
5,5,1.5,2,30,0.1,200,random_walk,5.0,10,3,20,2.5,1,20,zero,0.05,60.0,5,improved,8045,0.0,0.15866666666666668,9,270,311,0,1.0,,48,6
5,5,1.5,2,30,0.1,200,random_walk,5.0,10,3,20,2.5,1,20,zero,0.05,60.0,5,improved,7645,0.0,0.177,11,270,295,0,1.0,,49,7
5,5,1.5,2,30,0.1,200,random_walk,5.0,10,3,20,2.5,1,20,zero,0.05,60.0,5,improved,7395,0.0,0.323,17,270,285,0,1.0,,50,8
5,5,1.5,2,30,0.1,200,random_walk,5.0,10,3,20,2.5,1,20,zero,0.05,60.0,5,improved,7795,0.0,0.31483333333333335,4,270,301,0,1.0,,51,9
5,5,1.5,2,50,0.1,200,random_walk,5.0,10,3,20,2.5,1,20,zero,0.05,60.0,5,improved,12575,0.0,0.306,11,450,485,2,0.9998,,42,0
5,5,1.5,2,50,0.1,200,random_walk,5.0,10,3,20,2.5,1,20,zero,0.05,60.0,5,improved,12375,0.0,0.3307,10,450,477,2,0.9998,,43,1
5,5,1.5,2,50,0.1,200,random_walk,5.0,10,3,20,2.5,1,20,zero,0.05,60.0,5,improved,13300,0.0,0.386,15,450,514,0,1.0,,44,2
5,5,1.5,2,50,0.1,200,random_walk,5.0,10,3,20,2.5,1,20,zero,0.05,60.0,5,improved,13225,0.0,0.2869,13,450,511,4,0.9996,,45,3
5,5,1.5,2,50,0.1,200,random_walk,5.0,10,3,20,2.5,1,20,zero,0.05,60.0,5,improved,11925,0.0,0.3222,9,450,459,0,1.0,,46,4
5,5,1.5,2,50,0.1,200,random_walk,5.0,10,3,20,2.5,1,20,zero,0.05,60.0,5,improved,13025,0.0,0.3061,22,450,503,3,0.9997,,47,5
5,5,1.5,2,50,0.1,200,random_walk,5.0,10,3,20,2.5,1,20,zero,0.05,60.0,5,improved,12875,0.0,0.2648,26,450,497,3,0.9997,,48,6
5,5,1.5,2,50,0.1,200,random_walk,5.0,10,3,20,2.5,1,20,zero,0.05,60.0,5,improved,13175,0.0,0.2248,16,450,509,2,0.9998,,49,7
5,5,1.5,2,50,0.1,200,random_walk,5.0,10,3,20,2.5,1,20,zero,0.05,60.0,5,improved,12600,0.0,0.3128,15,450,486,0,1.0,,50,8
5,5,1.5,2,50,0.1,200,random_walk,5.0,10,3,20,2.5,1,20,zero,0.05,60.0,5,improved,13350,0.0,0.2944,17,450,516,2,0.9998,,51,9
5,5,1.5,2,10,0.3,200,random_walk,5.0,10,3,20,2.5,1,20,zero,0.05,60.0,5,improved,2390,0.0,0.4235,16,90,92,1,0.9995,,42,0
5,5,1.5,2,10,0.3,200,random_walk,5.0,10,3,20,2.5,1,20,zero,0.05,60.0,5,improved,2365,0.0,0.322,17,90,91,3,0.9985,,43,1
5,5,1.5,2,10,0.3,200,random_walk,5.0,10,3,20,2.5,1,20,zero,0.05,60.0,5,improved,3165,0.0,0.3915,21,90,123,5,0.9975,,44,2
5,5,1.5,2,10,0.3,200,random_walk,5.0,10,3,20,2.5,1,20,zero,0.05,60.0,5,improved,2515,0.0,0.247,13,90,97,0,1.0,,45,3
5,5,1.5,2,10,0.3,200,random_walk,5.0,10,3,20,2.5,1,20,zero,0.05,60.0,5,improved,2365,0.0,0.2945,16,90,91,3,0.9985,,46,4
5,5,1.5,2,10,0.3,200,random_walk,5.0,10,3,20,2.5,1,20,zero,0.05,60.0,5,improved,2565,0.0,0.2365,32,90,99,4,0.998,,47,5
5,5,1.5,2,10,0.3,200,random_walk,5.0,10,3,20,2.5,1,20,zero,0.05,60.0,5,improved,2515,0.0,0.304,9,90,97,0,1.0,,48,6
5,5,1.5,2,10,0.3,200,random_walk,5.0,10,3,20,2.5,1,20,zero,0.05,60.0,5,improved,2465,0.13636363636363635,0.1635,22,90,95,0,1.0,,49,7
5,5,1.5,2,10,0.3,200,random_walk,5.0,10,3,20,2.5,1,20,zero,0.05,60.0,5,improved,2465,0.0,0.256,27,90,95,7,0.9965,,50,8
5,5,1.5,2,10,0.3,200,random_walk,5.0,10,3,20,2.5,1,20,zero,0.05,60.0,5,improved,2790,0.0,0.2205,20,90,108,0,1.0,,51,9
5,5,1.5,2,30,0.3,200,random_walk,5.0,10,3,20,2.5,1,20,zero,0.05,60.0,5,improved,7295,0.034482758620689655,0.30883333333333335,58,270,281,7,0.9988333333333334,,42,0
5,5,1.5,2,30,0.3,200,random_walk,5.0,10,3,20,2.5,1,20,zero,0.05,60.0,5,improved,7295,0.0,0.22983333333333333,60,270,281,9,0.9985,,43,1
5,5,1.5,2,30,0.3,200,random_walk,5.0,10,3,20,2.5,1,20,zero,0.05,60.0,5,improved,8245,0.0,0.36716666666666664,62,270,319,10,0.9983333333333333,,44,2
5,5,1.5,2,30,0.3,200,random_walk,5.0,10,3,20,2.5,1,20,zero,0.05,60.0,5,improved,7620,0.014705882352941176,0.253,68,270,294,0,1.0,,45,3
5,5,1.5,2,30,0.3,200,random_walk,5.0,10,3,20,2.5,1,20,zero,0.05,60.0,5,improved,6945,0.0,0.37883333333333336,40,270,267,3,0.9995,,46,4
5,5,1.5,2,30,0.3,200,random_walk,5.0,10,3,20,2.5,1,20,zero,0.05,60.0,5,improved,7820,0.0,0.1985,88,270,302,16,0.9973333333333333,,47,5
5,5,1.5,2,30,0.3,200,random_walk,5.0,10,3,20,2.5,1,20,zero,0.05,60.0,5,improved,8045,0.0,0.2608333333333333,61,270,311,4,0.9993333333333333,,48,6
5,5,1.5,2,30,0.3,200,random_walk,5.0,10,3,20,2.5,1,20,zero,0.05,60.0,5,improved,7645,0.0,0.17333333333333334,87,270,295,12,0.998,,49,7
5,5,1.5,2,30,0.3,200,random_walk,5.0,10,3,20,2.5,1,20,zero,0.05,60.0,5,improved,7395,0.0,0.37683333333333335,61,270,285,10,0.9983333333333333,,50,8
5,5,1.5,2,30,0.3,200,random_walk,5.0,10,3,20,2.5,1,20,zero,0.05,60.0,5,improved,7795,0.0,0.3463333333333333,51,270,301,4,0.9993333333333333,,51,9
5,5,1.5,2,50,0.3,200,random_walk,5.0,10,3,20,2.5,1,20,zero,0.05,60.0,5,improved,12575,0.0,0.2703,88,450,485,7,0.9993,,42,0
5,5,1.5,2,50,0.3,200,random_walk,5.0,10,3,20,2.5,1,20,zero,0.05,60.0,5,improved,12375,0.0,0.3239,99,450,477,11,0.9989,,43,1
5,5,1.5,2,50,0.3,200,random_walk,5.0,10,3,20,2.5,1,20,zero,0.05,60.0,5,improved,13300,0.008771929824561403,0.3277,114,450,514,22,0.9978,,44,2
5,5,1.5,2,50,0.3,200,random_walk,5.0,10,3,20,2.5,1,20,zero,0.05,60.0,5,improved,13225,0.0,0.3256,92,450,511,8,0.9992,,45,3
5,5,1.5,2,50,0.3,200,random_walk,5.0,10,3,20,2.5,1,20,zero,0.05,60.0,5,improved,11925,0.00909090909090909,0.3567,110,450,459,17,0.9983,,46,4
5,5,1.5,2,50,0.3,200,random_walk,5.0,10,3,20,2.5,1,20,zero,0.05,60.0,5,improved,13025,0.006711409395973154,0.2394,149,450,503,32,0.9968,,47,5
5,5,1.5,2,50,0.3,200,random_walk,5.0,10,3,20,2.5,1,20,zero,0.05,60.0,5,improved,12875,0.00980392156862745,0.2627,102,450,497,15,0.9985,,48,6
5,5,1.5,2,50,0.3,200,random_walk,5.0,10,3,20,2.5,1,20,zero,0.05,60.0,5,improved,13175,0.0,0.224,144,450,509,32,0.9968,,49,7
5,5,1.5,2,50,0.3,200,random_walk,5.0,10,3,20,2.5,1,20,zero,0.05,60.0,5,improved,12600,0.0,0.3025,106,450,486,16,0.9984,,50,8
5,5,1.5,2,50,0.3,200,random_walk,5.0,10,3,20,2.5,1,20,zero,0.05,60.0,5,improved,13350,0.0,0.2919,109,450,516,12,0.9988,,51,9
5,5,1.5,2,10,0.6,200,random_walk,5.0,10,3,20,2.5,1,20,zero,0.05,60.0,5,improved,2390,0.0,0.379,34,90,92,5,0.9975,,42,0
5,5,1.5,2,10,0.6,200,random_walk,5.0,10,3,20,2.5,1,20,zero,0.05,60.0,5,improved,2365,0.01639344262295082,0.3615,61,90,91,8,0.996,,43,1
5,5,1.5,2,10,0.6,200,random_walk,5.0,10,3,20,2.5,1,20,zero,0.05,60.0,5,improved,3165,0.03389830508474576,0.3115,59,90,123,9,0.9955,,44,2
5,5,1.5,2,10,0.6,200,random_walk,5.0,10,3,20,2.5,1,20,zero,0.05,60.0,5,improved,2515,0.0196078431372549,0.277,51,90,97,3,0.9985,,45,3
5,5,1.5,2,10,0.6,200,random_walk,5.0,10,3,20,2.5,1,20,zero,0.05,60.0,5,improved,2365,0.015625,0.21,64,90,91,12,0.994,,46,4
5,5,1.5,2,10,0.6,200,random_walk,5.0,10,3,20,2.5,1,20,zero,0.05,60.0,5,improved,2565,0.0,0.2075,58,90,99,4,0.998,,47,5
5,5,1.5,2,10,0.6,200,random_walk,5.0,10,3,20,2.5,1,20,zero,0.05,60.0,5,improved,2515,0.0,0.4025,38,90,97,5,0.9975,,48,6
5,5,1.5,2,10,0.6,200,random_walk,5.0,10,3,20,2.5,1,20,zero,0.05,60.0,5,improved,2465,0.031746031746031744,0.1855,63,90,95,13,0.9935,,49,7
5,5,1.5,2,10,0.6,200,random_walk,5.0,10,3,20,2.5,1,20,zero,0.05,60.0,5,improved,2465,0.03278688524590164,0.245,61,90,95,8,0.996,,50,8
5,5,1.5,2,10,0.6,200,random_walk,5.0,10,3,20,2.5,1,20,zero,0.05,60.0,5,improved,2790,0.018867924528301886,0.3425,53,90,108,4,0.998,,51,9
5,5,1.5,2,30,0.6,200,random_walk,5.0,10,3,20,2.5,1,20,zero,0.05,60.0,5,improved,7295,0.013333333333333334,0.31683333333333336,150,270,281,18,0.997,,42,0
5,5,1.5,2,30,0.6,200,random_walk,5.0,10,3,20,2.5,1,20,zero,0.05,60.0,5,improved,7295,0.04,0.30866666666666664,175,270,281,22,0.9963333333333333,,43,1
5,5,1.5,2,30,0.6,200,random_walk,5.0,10,3,20,2.5,1,20,zero,0.05,60.0,5,improved,8245,0.025157232704402517,0.34983333333333333,159,270,319,24,0.996,,44,2
5,5,1.5,2,30,0.6,200,random_walk,5.0,10,3,20,2.5,1,20,zero,0.05,60.0,5,improved,7620,0.019230769230769232,0.2663333333333333,156,270,294,21,0.9965,,45,3
5,5,1.5,2,30,0.6,200,random_walk,5.0,10,3,20,2.5,1,20,zero,0.05,60.0,5,improved,6945,0.02531645569620253,0.32366666666666666,158,270,267,14,0.9976666666666667,,46,4
5,5,1.5,2,30,0.6,200,random_walk,5.0,10,3,20,2.5,1,20,zero,0.05,60.0,5,improved,7820,0.017045454545454544,0.23666666666666666,176,270,302,44,0.9926666666666667,,47,5
5,5,1.5,2,30,0.6,200,random_walk,5.0,10,3,20,2.5,1,20,zero,0.05,60.0,5,improved,8045,0.0072992700729927005,0.3368333333333333,137,270,311,15,0.9975,,48,6
5,5,1.5,2,30,0.6,200,random_walk,5.0,10,3,20,2.5,1,20,zero,0.05,60.0,5,improved,7645,0.01507537688442211,0.20466666666666666,199,270,295,26,0.9956666666666667,,49,7
5,5,1.5,2,30,0.6,200,random_walk,5.0,10,3,20,2.5,1,20,zero,0.05,60.0,5,improved,7395,0.027586206896551724,0.395,145,270,285,18,0.997,,50,8
5,5,1.5,2,30,0.6,200,random_walk,5.0,10,3,20,2.5,1,20,zero,0.05,60.0,5,improved,7795,0.007462686567164179,0.31333333333333335,134,270,301,18,0.997,,51,9
5,5,1.5,2,50,0.6,200,random_walk,5.0,10,3,20,2.5,1,20,zero,0.05,60.0,5,improved,12575,0.025830258302583026,0.2769,271,450,485,36,0.9964,,42,0
5,5,1.5,2,50,0.6,200,random_walk,5.0,10,3,20,2.5,1,20,zero,0.05,60.0,5,improved,12375,0.02909090909090909,0.3251,275,450,477,55,0.9945,,43,1
5,5,1.5,2,50,0.6,200,random_walk,5.0,10,3,20,2.5,1,20,zero,0.05,60.0,5,improved,13300,0.033112582781456956,0.2869,302,450,514,43,0.9957,,44,2
5,5,1.5,2,50,0.6,200,random_walk,5.0,10,3,20,2.5,1,20,zero,0.05,60.0,5,improved,13225,0.04285714285714286,0.3227,280,450,511,33,0.9967,,45,3
5,5,1.5,2,50,0.6,200,random_walk,5.0,10,3,20,2.5,1,20,zero,0.05,60.0,5,improved,11925,0.028985507246376812,0.3336,276,450,459,32,0.9968,,46,4
5,5,1.5,2,50,0.6,200,random_walk,5.0,10,3,20,2.5,1,20,zero,0.05,60.0,5,improved,13025,0.028735632183908046,0.2465,348,450,503,51,0.9949,,47,5
5,5,1.5,2,50,0.6,200,random_walk,5.0,10,3,20,2.5,1,20,zero,0.05,60.0,5,improved,12875,0.03169014084507042,0.3003,284,450,497,52,0.9948,,48,6
5,5,1.5,2,50,0.6,200,random_walk,5.0,10,3,20,2.5,1,20,zero,0.05,60.0,5,improved,13175,0.026143790849673203,0.2386,306,450,509,50,0.995,,49,7
5,5,1.5,2,50,0.6,200,random_walk,5.0,10,3,20,2.5,1,20,zero,0.05,60.0,5,improved,12600,0.016778523489932886,0.2879,298,450,486,36,0.9964,,50,8
5,5,1.5,2,50,0.6,200,random_walk,5.0,10,3,20,2.5,1,20,zero,0.05,60.0,5,improved,13350,0.022508038585209004,0.284,311,450,516,36,0.9964,,51,9
5,5,0.5,2,10,0.1,200,random_walk,5.0,10,3,20,2.5,1,20,zero,0.05,60.0,5,ai,2336,0.0,0.0,3,90,92,0,1.0,0.0,42,0
5,5,0.5,2,10,0.1,200,random_walk,5.0,10,3,20,2.5,1,20,zero,0.05,60.0,5,ai,2365,0.0,0.0,5,90,91,1,0.9995,0.0,43,1
5,5,0.5,2,10,0.1,200,random_walk,5.0,10,3,20,2.5,1,20,zero,0.05,60.0,5,ai,3165,0.0,0.0,9,90,123,3,0.9985,0.0,44,2
5,5,0.5,2,10,0.1,200,random_walk,5.0,10,3,20,2.5,1,20,zero,0.05,60.0,5,ai,2515,0.0,0.0,5,90,97,0,1.0,0.0,45,3
5,5,0.5,2,10,0.1,200,random_walk,5.0,10,3,20,2.5,1,20,zero,0.05,60.0,5,ai,2365,0.0,0.0,4,90,91,1,0.9995,0.0,46,4
5,5,0.5,2,10,0.1,200,random_walk,5.0,10,3,20,2.5,1,20,zero,0.05,60.0,5,ai,2452,0.0,0.0,18,90,99,4,0.998,1.0,47,5
5,5,0.5,2,10,0.1,200,random_walk,5.0,10,3,20,2.5,1,20,zero,0.05,60.0,5,ai,2515,0.0,0.0,5,90,97,0,1.0,0.0,48,6
5,5,0.5,2,10,0.1,200,random_walk,5.0,10,3,20,2.5,1,20,zero,0.05,60.0,5,ai,2381,0.0,0.0,9,90,95,0,1.0,0.0,49,7
5,5,0.5,2,10,0.1,200,random_walk,5.0,10,3,20,2.5,1,20,zero,0.05,60.0,5,ai,2465,0.0,0.0,8,90,95,3,0.9985,0.0,50,8
5,5,0.5,2,10,0.1,200,random_walk,5.0,10,3,20,2.5,1,20,zero,0.05,60.0,5,ai,2790,0.0,0.0,8,90,108,0,1.0,0.0,51,9
5,5,0.5,2,30,0.1,200,random_walk,5.0,10,3,20,2.5,1,20,zero,0.05,60.0,5,ai,7035,0.0,0.0,29,270,281,4,0.9993333333333333,0.0,42,0
5,5,0.5,2,30,0.1,200,random_walk,5.0,10,3,20,2.5,1,20,zero,0.05,60.0,5,ai,7116,0.0,0.0,32,270,281,5,0.9991666666666666,0.0,43,1
5,5,0.5,2,30,0.1,200,random_walk,5.0,10,3,20,2.5,1,20,zero,0.05,60.0,5,ai,8015,0.03125,0.0,32,270,319,4,0.9993333333333333,0.8,44,2
5,5,0.5,2,30,0.1,200,random_walk,5.0,10,3,20,2.5,1,20,zero,0.05,60.0,5,ai,7373,0.0,0.0,36,270,294,0,1.0,0.3333333333333333,45,3
5,5,0.5,2,30,0.1,200,random_walk,5.0,10,3,20,2.5,1,20,zero,0.05,60.0,5,ai,6925,0.0,0.0,15,270,267,0,1.0,0.0,46,4
5,5,0.5,2,30,0.1,200,random_walk,5.0,10,3,20,2.5,1,20,zero,0.05,60.0,5,ai,7550,0.0,0.0,38,270,302,7,0.9988333333333334,0.5,47,5
5,5,0.5,2,30,0.1,200,random_walk,5.0,10,3,20,2.5,1,20,zero,0.05,60.0,5,ai,7808,0.030303030303030304,0.0,33,270,311,3,0.9995,1.0,48,6
5,5,0.5,2,30,0.1,200,random_walk,5.0,10,3,20,2.5,1,20,zero,0.05,60.0,5,ai,7505,0.0,0.0,42,270,295,6,0.999,0.3333333333333333,49,7
5,5,0.5,2,30,0.1,200,random_walk,5.0,10,3,20,2.5,1,20,zero,0.05,60.0,5,ai,7275,0.0,0.0,40,270,285,9,0.9985,0.6,50,8
5,5,0.5,2,30,0.1,200,random_walk,5.0,10,3,20,2.5,1,20,zero,0.05,60.0,5,ai,7741,0.0,0.0,22,270,301,1,0.9998333333333334,0.0,51,9
5,5,0.5,2,50,0.1,200,random_walk,5.0,10,3,20,2.5,1,20,zero,0.05,60.0,5,ai,12223,0.0,0.0,39,450,485,3,0.9997,0.3333333333333333,42,0
5,5,0.5,2,50,0.1,200,random_walk,5.0,10,3,20,2.5,1,20,zero,0.05,60.0,5,ai,12319,0.0,0.0,47,450,477,7,0.9993,0.5,43,1
5,5,0.5,2,50,0.1,200,random_walk,5.0,10,3,20,2.5,1,20,zero,0.05,60.0,5,ai,13169,0.0,0.0,47,450,514,9,0.9991,0.0,44,2
5,5,0.5,2,50,0.1,200,random_walk,5.0,10,3,20,2.5,1,20,zero,0.05,60.0,5,ai,13097,0.0,0.0,38,450,511,3,0.9997,0.0,45,3
5,5,0.5,2,50,0.1,200,random_walk,5.0,10,3,20,2.5,1,20,zero,0.05,60.0,5,ai,11789,0.0,0.0,48,450,459,8,0.9992,0.5,46,4
5,5,0.5,2,50,0.1,200,random_walk,5.0,10,3,20,2.5,1,20,zero,0.05,60.0,5,ai,12580,0.0,0.0,67,450,503,16,0.9984,0.7142857142857143,47,5
5,5,0.5,2,50,0.1,200,random_walk,5.0,10,3,20,2.5,1,20,zero,0.05,60.0,5,ai,12687,0.0,0.0,55,450,497,7,0.9993,0.5,48,6
5,5,0.5,2,50,0.1,200,random_walk,5.0,10,3,20,2.5,1,20,zero,0.05,60.0,5,ai,12987,0.0,0.0,46,450,509,12,0.9988,1.0,49,7
5,5,0.5,2,50,0.1,200,random_walk,5.0,10,3,20,2.5,1,20,zero,0.05,60.0,5,ai,12330,0.0,0.0,42,450,486,4,0.9996,0.0,50,8
5,5,0.5,2,50,0.1,200,random_walk,5.0,10,3,20,2.5,1,20,zero,0.05,60.0,5,ai,12950,0.0,0.0,57,450,516,8,0.9992,0.25,51,9
5,5,0.5,2,10,0.3,200,random_walk,5.0,10,3,20,2.5,1,20,zero,0.05,60.0,5,ai,2039,0.0,0.0,56,90,92,6,0.997,0.4117647058823529,42,0
5,5,0.5,2,10,0.3,200,random_walk,5.0,10,3,20,2.5,1,20,zero,0.05,60.0,5,ai,2104,0.03225806451612903,0.0,62,90,91,14,0.993,0.3333333333333333,43,1
5,5,0.5,2,10,0.3,200,random_walk,5.0,10,3,20,2.5,1,20,zero,0.05,60.0,5,ai,2691,0.03508771929824561,0.0,57,90,123,10,0.995,0.18181818181818182,44,2
5,5,0.5,2,10,0.3,200,random_walk,5.0,10,3,20,2.5,1,20,zero,0.05,60.0,5,ai,2159,0.0,0.0,49,90,97,9,0.9955,0.1111111111111111,45,3
5,5,0.5,2,10,0.3,200,random_walk,5.0,10,3,20,2.5,1,20,zero,0.05,60.0,5,ai,1999,0.02564102564102564,0.0,78,90,91,17,0.9915,0.38461538461538464,46,4
5,5,0.5,2,10,0.3,200,random_walk,5.0,10,3,20,2.5,1,20,zero,0.05,60.0,5,ai,2047,0.0,0.0,56,90,99,7,0.9965,0.5454545454545454,47,5
5,5,0.5,2,10,0.3,200,random_walk,5.0,10,3,20,2.5,1,20,zero,0.05,60.0,5,ai,2177,0.025,0.0,40,90,97,7,0.9965,0.36363636363636365,48,6
5,5,0.5,2,10,0.3,200,random_walk,5.0,10,3,20,2.5,1,20,zero,0.05,60.0,5,ai,2020,0.05,0.0,80,90,95,9,0.9955,0.36363636363636365,49,7
5,5,0.5,2,10,0.3,200,random_walk,5.0,10,3,20,2.5,1,20,zero,0.05,60.0,5,ai,2101,0.03614457831325301,0.0,83,90,95,6,0.997,0.6764705882352942,50,8
5,5,0.5,2,10,0.3,200,random_walk,5.0,10,3,20,2.5,1,20,zero,0.05,60.0,5,ai,2622,0.0392156862745098,0.0,51,90,108,5,0.9975,0.36363636363636365,51,9
5,5,0.5,2,30,0.3,200,random_walk,5.0,10,3,20,2.5,1,20,zero,0.05,60.0,5,ai,6273,0.011363636363636364,0.0005,176,270,281,30,0.995,0.3157894736842105,42,0
5,5,0.5,2,30,0.3,200,random_walk,5.0,10,3,20,2.5,1,20,zero,0.05,60.0,5,ai,6489,0.0091324200913242,0.00016666666666666666,219,270,281,34,0.9943333333333333,0.16279069767441862,43,1
5,5,0.5,2,30,0.3,200,random_walk,5.0,10,3,20,2.5,1,20,zero,0.05,60.0,5,ai,7531,0.030612244897959183,0.0,196,270,319,26,0.9956666666666667,0.4634146341463415,44,2
5,5,0.5,2,30,0.3,200,random_walk,5.0,10,3,20,2.5,1,20,zero,0.05,60.0,5,ai,6895,0.025510204081632654,0.00016666666666666666,196,270,294,28,0.9953333333333333,0.39622641509433965,45,3
5,5,0.5,2,30,0.3,200,random_walk,5.0,10,3,20,2.5,1,20,zero,0.05,60.0,5,ai,5930,0.03508771929824561,0.00016666666666666666,171,270,267,20,0.9966666666666667,0.40425531914893614,46,4
5,5,0.5,2,30,0.3,200,random_walk,5.0,10,3,20,2.5,1,20,zero,0.05,60.0,5,ai,6710,0.025380710659898477,0.0,197,270,302,26,0.9956666666666667,0.4117647058823529,47,5
5,5,0.5,2,30,0.3,200,random_walk,5.0,10,3,20,2.5,1,20,zero,0.05,60.0,5,ai,6753,0.020833333333333332,0.0008333333333333334,144,270,311,20,0.9966666666666667,0.5806451612903226,48,6
5,5,0.5,2,30,0.3,200,random_walk,5.0,10,3,20,2.5,1,20,zero,0.05,60.0,5,ai,6927,0.004694835680751174,0.0015,213,270,295,34,0.9943333333333333,0.18421052631578946,49,7
5,5,0.5,2,30,0.3,200,random_walk,5.0,10,3,20,2.5,1,20,zero,0.05,60.0,5,ai,6934,0.0,0.0,138,270,285,21,0.9965,0.2,50,8
5,5,0.5,2,30,0.3,200,random_walk,5.0,10,3,20,2.5,1,20,zero,0.05,60.0,5,ai,7020,0.030303030303030304,0.0,165,270,301,22,0.9963333333333333,0.4146341463414634,51,9
5,5,0.5,2,50,0.3,200,random_walk,5.0,10,3,20,2.5,1,20,zero,0.05,60.0,5,ai,10977,0.039755351681957186,0.0001,327,450,485,45,0.9955,0.4791666666666667,42,0
5,5,0.5,2,50,0.3,200,random_walk,5.0,10,3,20,2.5,1,20,zero,0.05,60.0,5,ai,11582,0.016835016835016835,0.0018,297,450,477,48,0.9952,0.39655172413793105,43,1
5,5,0.5,2,50,0.3,200,random_walk,5.0,10,3,20,2.5,1,20,zero,0.05,60.0,5,ai,11742,0.030120481927710843,0.0024,332,450,514,57,0.9943,0.4177215189873418,44,2
5,5,0.5,2,50,0.3,200,random_walk,5.0,10,3,20,2.5,1,20,zero,0.05,60.0,5,ai,12292,0.0040650406504065045,0.0,246,450,511,37,0.9963,0.325,45,3
5,5,0.5,2,50,0.3,200,random_walk,5.0,10,3,20,2.5,1,20,zero,0.05,60.0,5,ai,10369,0.02830188679245283,0.0016,318,450,459,49,0.9951,0.5,46,4
5,5,0.5,2,50,0.3,200,random_walk,5.0,10,3,20,2.5,1,20,zero,0.05,60.0,5,ai,11369,0.018970189701897018,0.0,369,450,503,55,0.9945,0.48936170212765956,47,5
5,5,0.5,2,50,0.3,200,random_walk,5.0,10,3,20,2.5,1,20,zero,0.05,60.0,5,ai,11715,0.006230529595015576,0.0,321,450,497,40,0.996,0.39705882352941174,48,6
5,5,0.5,2,50,0.3,200,random_walk,5.0,10,3,20,2.5,1,20,zero,0.05,60.0,5,ai,11912,0.017341040462427744,0.0,346,450,509,54,0.9946,0.3375,49,7
5,5,0.5,2,50,0.3,200,random_walk,5.0,10,3,20,2.5,1,20,zero,0.05,60.0,5,ai,11026,0.02821316614420063,0.0,319,450,486,45,0.9955,0.4606741573033708,50,8
5,5,0.5,2,50,0.3,200,random_walk,5.0,10,3,20,2.5,1,20,zero,0.05,60.0,5,ai,11187,0.02601156069364162,0.0,346,450,516,39,0.9961,0.3829787234042553,51,9
5,5,0.5,2,10,0.6,200,random_walk,5.0,10,3,20,2.5,1,20,zero,0.05,60.0,5,ai,1987,0.07017543859649122,0.0,171,90,92,32,0.984,0.32857142857142857,42,0
5,5,0.5,2,10,0.6,200,random_walk,5.0,10,3,20,2.5,1,20,zero,0.05,60.0,5,ai,2039,0.023622047244094488,0.0005,127,90,91,19,0.9905,0.34285714285714286,43,1
5,5,0.5,2,10,0.6,200,random_walk,5.0,10,3,20,2.5,1,20,zero,0.05,60.0,5,ai,2747,0.019867549668874173,0.0,151,90,123,30,0.985,0.2608695652173913,44,2
5,5,0.5,2,10,0.6,200,random_walk,5.0,10,3,20,2.5,1,20,zero,0.05,60.0,5,ai,1850,0.04,0.0,175,90,97,27,0.9865,0.4153846153846154,45,3
5,5,0.5,2,10,0.6,200,random_walk,5.0,10,3,20,2.5,1,20,zero,0.05,60.0,5,ai,1826,0.05232558139534884,0.0,172,90,91,34,0.983,0.288135593220339,46,4
5,5,0.5,2,10,0.6,200,random_walk,5.0,10,3,20,2.5,1,20,zero,0.05,60.0,5,ai,2154,0.03428571428571429,0.0,175,90,99,28,0.986,0.2903225806451613,47,5
5,5,0.5,2,10,0.6,200,random_walk,5.0,10,3,20,2.5,1,20,zero,0.05,60.0,5,ai,1894,0.01282051282051282,0.001,156,90,97,24,0.988,0.32653061224489793,48,6
5,5,0.5,2,10,0.6,200,random_walk,5.0,10,3,20,2.5,1,20,zero,0.05,60.0,5,ai,2157,0.054187192118226604,0.0005,203,90,95,34,0.983,0.3918918918918919,49,7
5,5,0.5,2,10,0.6,200,random_walk,5.0,10,3,20,2.5,1,20,zero,0.05,60.0,5,ai,1776,0.0582010582010582,0.0,189,90,95,38,0.981,0.3466666666666667,50,8
5,5,0.5,2,10,0.6,200,random_walk,5.0,10,3,20,2.5,1,20,zero,0.05,60.0,5,ai,2222,0.041666666666666664,0.0,144,90,108,14,0.993,0.42,51,9
5,5,0.5,2,30,0.6,200,random_walk,5.0,10,3,20,2.5,1,20,zero,0.05,60.0,5,ai,5969,0.03389830508474576,0.0006666666666666666,472,270,281,69,0.9885,0.36538461538461536,42,0
5,5,0.5,2,30,0.6,200,random_walk,5.0,10,3,20,2.5,1,20,zero,0.05,60.0,5,ai,5713,0.05895196506550218,0.0008333333333333334,458,270,281,60,0.99,0.4339622641509434,43,1
5,5,0.5,2,30,0.6,200,random_walk,5.0,10,3,20,2.5,1,20,zero,0.05,60.0,5,ai,6984,0.06206896551724138,0.0006666666666666666,435,270,319,73,0.9878333333333333,0.45255474452554745,44,2
5,5,0.5,2,30,0.6,200,random_walk,5.0,10,3,20,2.5,1,20,zero,0.05,60.0,5,ai,6135,0.05991735537190083,0.0,484,270,294,59,0.9901666666666666,0.45454545454545453,45,3
5,5,0.5,2,30,0.6,200,random_walk,5.0,10,3,20,2.5,1,20,zero,0.05,60.0,5,ai,5414,0.060810810810810814,0.0,444,270,267,59,0.9901666666666666,0.43209876543209874,46,4
5,5,0.5,2,30,0.6,200,random_walk,5.0,10,3,20,2.5,1,20,zero,0.05,60.0,5,ai,6354,0.06109979633401222,0.0033333333333333335,491,270,302,70,0.9883333333333333,0.3791208791208791,47,5
5,5,0.5,2,30,0.6,200,random_walk,5.0,10,3,20,2.5,1,20,zero,0.05,60.0,5,ai,6414,0.07092198581560284,0.0011666666666666668,423,270,311,59,0.9901666666666666,0.46258503401360546,48,6
5,5,0.5,2,30,0.6,200,random_walk,5.0,10,3,20,2.5,1,20,zero,0.05,60.0,5,ai,6184,0.05010893246187364,0.0003333333333333333,459,270,295,60,0.99,0.4068965517241379,49,7
5,5,0.5,2,30,0.6,200,random_walk,5.0,10,3,20,2.5,1,20,zero,0.05,60.0,5,ai,5762,0.03233830845771144,0.0006666666666666666,402,270,285,56,0.9906666666666667,0.3208955223880597,50,8
5,5,0.5,2,30,0.6,200,random_walk,5.0,10,3,20,2.5,1,20,zero,0.05,60.0,5,ai,6471,0.06040268456375839,0.0008333333333333334,447,270,301,57,0.9905,0.49019607843137253,51,9
5,5,0.5,2,50,0.6,200,random_walk,5.0,10,3,20,2.5,1,20,zero,0.05,60.0,5,ai,9998,0.03553299492385787,0.0003,788,450,485,132,0.9868,0.3357664233576642,42,0
5,5,0.5,2,50,0.6,200,random_walk,5.0,10,3,20,2.5,1,20,zero,0.05,60.0,5,ai,10458,0.0504774897680764,0.0032,733,450,477,110,0.989,0.39574468085106385,43,1
5,5,0.5,2,50,0.6,200,random_walk,5.0,10,3,20,2.5,1,20,zero,0.05,60.0,5,ai,10482,0.048134777376654635,0.0004,831,450,514,148,0.9852,0.3767123287671233,44,2
5,5,0.5,2,50,0.6,200,random_walk,5.0,10,3,20,2.5,1,20,zero,0.05,60.0,5,ai,10636,0.03982930298719772,0.0007,703,450,511,97,0.9903,0.3448275862068966,45,3
5,5,0.5,2,50,0.6,200,random_walk,5.0,10,3,20,2.5,1,20,zero,0.05,60.0,5,ai,9068,0.06431273644388398,0.0024,793,450,459,103,0.9897,0.4452054794520548,46,4
5,5,0.5,2,50,0.6,200,random_walk,5.0,10,3,20,2.5,1,20,zero,0.05,60.0,5,ai,10167,0.047953216374269005,0.0016,855,450,503,114,0.9886,0.4025157232704403,47,5
5,5,0.5,2,50,0.6,200,random_walk,5.0,10,3,20,2.5,1,20,zero,0.05,60.0,5,ai,10409,0.04296875,0.0032,768,450,497,105,0.9895,0.34962406015037595,48,6
5,5,0.5,2,50,0.6,200,random_walk,5.0,10,3,20,2.5,1,20,zero,0.05,60.0,5,ai,10623,0.04905660377358491,0.0005,795,450,509,116,0.9884,0.4232209737827715,49,7
5,5,0.5,2,50,0.6,200,random_walk,5.0,10,3,20,2.5,1,20,zero,0.05,60.0,5,ai,9518,0.0567741935483871,0.0006,775,450,486,116,0.9884,0.4452054794520548,50,8
5,5,0.5,2,50,0.6,200,random_walk,5.0,10,3,20,2.5,1,20,zero,0.05,60.0,5,ai,10830,0.044929396662387676,0.0002,779,450,516,119,0.9881,0.37209302325581395,51,9
5,5,1.0,2,10,0.1,200,random_walk,5.0,10,3,20,2.5,1,20,zero,0.05,60.0,5,ai,2390,0.0,0.0245,0,90,92,0,1.0,0.0,42,0
5,5,1.0,2,10,0.1,200,random_walk,5.0,10,3,20,2.5,1,20,zero,0.05,60.0,5,ai,2365,0.0,0.038,3,90,91,1,0.9995,0.0,43,1
5,5,1.0,2,10,0.1,200,random_walk,5.0,10,3,20,2.5,1,20,zero,0.05,60.0,5,ai,3075,0.0,0.072,8,90,123,5,0.9975,0.0,44,2
5,5,1.0,2,10,0.1,200,random_walk,5.0,10,3,20,2.5,1,20,zero,0.05,60.0,5,ai,2515,0.0,0.095,2,90,97,0,1.0,0.0,45,3
5,5,1.0,2,10,0.1,200,random_walk,5.0,10,3,20,2.5,1,20,zero,0.05,60.0,5,ai,2345,0.0,0.168,4,90,91,0,1.0,0.0,46,4
5,5,1.0,2,10,0.1,200,random_walk,5.0,10,3,20,2.5,1,20,zero,0.05,60.0,5,ai,2453,0.0,0.0135,9,90,99,4,0.998,0.0,47,5
5,5,1.0,2,10,0.1,200,random_walk,5.0,10,3,20,2.5,1,20,zero,0.05,60.0,5,ai,2515,0.0,0.0115,2,90,97,0,1.0,0.0,48,6
5,5,1.0,2,10,0.1,200,random_walk,5.0,10,3,20,2.5,1,20,zero,0.05,60.0,5,ai,2465,0.0,0.0,3,90,95,0,1.0,0.0,49,7
5,5,1.0,2,10,0.1,200,random_walk,5.0,10,3,20,2.5,1,20,zero,0.05,60.0,5,ai,2465,0.0,0.1025,6,90,95,1,0.9995,0.0,50,8
5,5,1.0,2,10,0.1,200,random_walk,5.0,10,3,20,2.5,1,20,zero,0.05,60.0,5,ai,2790,0.0,0.0,6,90,108,0,1.0,0.0,51,9
5,5,1.0,2,30,0.1,200,random_walk,5.0,10,3,20,2.5,1,20,zero,0.05,60.0,5,ai,7051,0.0,0.043166666666666666,15,270,281,0,1.0,0.0,42,0
5,5,1.0,2,30,0.1,200,random_walk,5.0,10,3,20,2.5,1,20,zero,0.05,60.0,5,ai,7257,0.0,0.024,16,270,281,4,0.9993333333333333,0.0,43,1
5,5,1.0,2,30,0.1,200,random_walk,5.0,10,3,20,2.5,1,20,zero,0.05,60.0,5,ai,8209,0.0,0.009833333333333333,11,270,319,0,1.0,0.0,44,2
5,5,1.0,2,30,0.1,200,random_walk,5.0,10,3,20,2.5,1,20,zero,0.05,60.0,5,ai,7520,0.0,0.06116666666666667,10,270,294,0,1.0,0.0,45,3
5,5,1.0,2,30,0.1,200,random_walk,5.0,10,3,20,2.5,1,20,zero,0.05,60.0,5,ai,6808,0.0,0.08,14,270,267,0,1.0,1.0,46,4
5,5,1.0,2,30,0.1,200,random_walk,5.0,10,3,20,2.5,1,20,zero,0.05,60.0,5,ai,7721,0.0,0.049666666666666665,18,270,302,1,0.9998333333333334,1.0,47,5
5,5,1.0,2,30,0.1,200,random_walk,5.0,10,3,20,2.5,1,20,zero,0.05,60.0,5,ai,7924,0.0,0.004666666666666667,13,270,311,1,0.9998333333333334,0.6666666666666666,48,6
5,5,1.0,2,30,0.1,200,random_walk,5.0,10,3,20,2.5,1,20,zero,0.05,60.0,5,ai,7585,0.0,0.0175,26,270,295,3,0.9995,0.0,49,7
5,5,1.0,2,30,0.1,200,random_walk,5.0,10,3,20,2.5,1,20,zero,0.05,60.0,5,ai,7320,0.0,0.122,20,270,285,4,0.9993333333333333,0.0,50,8
5,5,1.0,2,30,0.1,200,random_walk,5.0,10,3,20,2.5,1,20,zero,0.05,60.0,5,ai,7795,0.0,0.028166666666666666,6,270,301,0,1.0,0.0,51,9
5,5,1.0,2,50,0.1,200,random_walk,5.0,10,3,20,2.5,1,20,zero,0.05,60.0,5,ai,12375,0.0,0.0244,16,450,485,2,0.9998,0.0,42,0
5,5,1.0,2,50,0.1,200,random_walk,5.0,10,3,20,2.5,1,20,zero,0.05,60.0,5,ai,12339,0.0,0.0582,17,450,477,3,0.9997,0.5,43,1
5,5,1.0,2,50,0.1,200,random_walk,5.0,10,3,20,2.5,1,20,zero,0.05,60.0,5,ai,13132,0.0,0.0187,23,450,514,0,1.0,0.0,44,2
5,5,1.0,2,50,0.1,200,random_walk,5.0,10,3,20,2.5,1,20,zero,0.05,60.0,5,ai,13150,0.0,0.0617,18,450,511,2,0.9998,1.0,45,3
5,5,1.0,2,50,0.1,200,random_walk,5.0,10,3,20,2.5,1,20,zero,0.05,60.0,5,ai,11925,0.0,0.0791,18,450,459,3,0.9997,0.0,46,4
5,5,1.0,2,50,0.1,200,random_walk,5.0,10,3,20,2.5,1,20,zero,0.05,60.0,5,ai,12674,0.0,0.0586,37,450,503,5,0.9995,0.5,47,5
5,5,1.0,2,50,0.1,200,random_walk,5.0,10,3,20,2.5,1,20,zero,0.05,60.0,5,ai,12561,0.0,0.0423,29,450,497,3,0.9997,1.0,48,6
5,5,1.0,2,50,0.1,200,random_walk,5.0,10,3,20,2.5,1,20,zero,0.05,60.0,5,ai,12889,0.0,0.0122,27,450,509,2,0.9998,0.75,49,7
5,5,1.0,2,50,0.1,200,random_walk,5.0,10,3,20,2.5,1,20,zero,0.05,60.0,5,ai,12480,0.0,0.0818,19,450,486,1,0.9999,1.0,50,8
5,5,1.0,2,50,0.1,200,random_walk,5.0,10,3,20,2.5,1,20,zero,0.05,60.0,5,ai,13036,0.0,0.0316,25,450,516,2,0.9998,0.0,51,9
5,5,1.0,2,10,0.3,200,random_walk,5.0,10,3,20,2.5,1,20,zero,0.05,60.0,5,ai,2250,0.19230769230769232,0.0225,26,90,92,1,0.9995,0.5714285714285714,42,0
5,5,1.0,2,10,0.3,200,random_walk,5.0,10,3,20,2.5,1,20,zero,0.05,60.0,5,ai,2205,0.038461538461538464,0.0805,26,90,91,6,0.997,0.6666666666666666,43,1
5,5,1.0,2,10,0.3,200,random_walk,5.0,10,3,20,2.5,1,20,zero,0.05,60.0,5,ai,2802,0.10344827586206896,0.1185,29,90,123,7,0.9965,0.5,44,2
5,5,1.0,2,10,0.3,200,random_walk,5.0,10,3,20,2.5,1,20,zero,0.05,60.0,5,ai,2176,0.038461538461538464,0.0395,26,90,97,1,0.9995,0.6,45,3
5,5,1.0,2,10,0.3,200,random_walk,5.0,10,3,20,2.5,1,20,zero,0.05,60.0,5,ai,2047,0.09375,0.0895,32,90,91,4,0.998,0.7142857142857143,46,4
5,5,1.0,2,10,0.3,200,random_walk,5.0,10,3,20,2.5,1,20,zero,0.05,60.0,5,ai,2093,0.020833333333333332,0.011,48,90,99,4,0.998,0.46153846153846156,47,5
5,5,1.0,2,10,0.3,200,random_walk,5.0,10,3,20,2.5,1,20,zero,0.05,60.0,5,ai,2178,0.0,0.073,21,90,97,2,0.999,0.8333333333333334,48,6
5,5,1.0,2,10,0.3,200,random_walk,5.0,10,3,20,2.5,1,20,zero,0.05,60.0,5,ai,2128,0.044444444444444446,0.0005,45,90,95,9,0.9955,0.6666666666666666,49,7
5,5,1.0,2,10,0.3,200,random_walk,5.0,10,3,20,2.5,1,20,zero,0.05,60.0,5,ai,1918,0.07894736842105263,0.0815,38,90,95,4,0.998,0.375,50,8
5,5,1.0,2,10,0.3,200,random_walk,5.0,10,3,20,2.5,1,20,zero,0.05,60.0,5,ai,2563,0.0,0.0335,29,90,108,2,0.999,0.16666666666666666,51,9
5,5,1.0,2,30,0.3,200,random_walk,5.0,10,3,20,2.5,1,20,zero,0.05,60.0,5,ai,6314,0.07777777777777778,0.058666666666666666,90,270,281,9,0.9985,0.5769230769230769,42,0
5,5,1.0,2,30,0.3,200,random_walk,5.0,10,3,20,2.5,1,20,zero,0.05,60.0,5,ai,6167,0.056074766355140186,0.06133333333333333,107,270,281,10,0.9983333333333333,0.4666666666666667,43,1
5,5,1.0,2,30,0.3,200,random_walk,5.0,10,3,20,2.5,1,20,zero,0.05,60.0,5,ai,7509,0.01020408163265306,0.05483333333333333,98,270,319,19,0.9968333333333333,0.3333333333333333,44,2
5,5,1.0,2,30,0.3,200,random_walk,5.0,10,3,20,2.5,1,20,zero,0.05,60.0,5,ai,6934,0.010309278350515464,0.0515,97,270,294,9,0.9985,0.45454545454545453,45,3
5,5,1.0,2,30,0.3,200,random_walk,5.0,10,3,20,2.5,1,20,zero,0.05,60.0,5,ai,6150,0.04395604395604396,0.09116666666666666,91,270,267,6,0.999,0.7096774193548387,46,4
5,5,1.0,2,30,0.3,200,random_walk,5.0,10,3,20,2.5,1,20,zero,0.05,60.0,5,ai,6802,0.045454545454545456,0.043833333333333335,132,270,302,24,0.996,0.5454545454545454,47,5
5,5,1.0,2,30,0.3,200,random_walk,5.0,10,3,20,2.5,1,20,zero,0.05,60.0,5,ai,7545,0.06578947368421052,0.056,76,270,311,8,0.9986666666666667,0.6666666666666666,48,6
5,5,1.0,2,30,0.3,200,random_walk,5.0,10,3,20,2.5,1,20,zero,0.05,60.0,5,ai,6977,0.008928571428571428,0.0395,112,270,295,14,0.9976666666666667,0.23529411764705882,49,7
5,5,1.0,2,30,0.3,200,random_walk,5.0,10,3,20,2.5,1,20,zero,0.05,60.0,5,ai,6734,0.033707865168539325,0.11916666666666667,89,270,285,13,0.9978333333333333,0.3,50,8
5,5,1.0,2,30,0.3,200,random_walk,5.0,10,3,20,2.5,1,20,zero,0.05,60.0,5,ai,7192,0.03571428571428571,0.07083333333333333,84,270,301,8,0.9986666666666667,0.5294117647058824,51,9
5,5,1.0,2,50,0.3,200,random_walk,5.0,10,3,20,2.5,1,20,zero,0.05,60.0,5,ai,11142,0.030303030303030304,0.0421,165,450,485,22,0.9978,0.4,42,0
5,5,1.0,2,50,0.3,200,random_walk,5.0,10,3,20,2.5,1,20,zero,0.05,60.0,5,ai,11029,0.043478260869565216,0.0912,161,450,477,28,0.9972,0.5,43,1
5,5,1.0,2,50,0.3,200,random_walk,5.0,10,3,20,2.5,1,20,zero,0.05,60.0,5,ai,12075,0.03614457831325301,0.066,166,450,514,36,0.9964,0.5813953488372093,44,2
5,5,1.0,2,50,0.3,200,random_walk,5.0,10,3,20,2.5,1,20,zero,0.05,60.0,5,ai,12211,0.043795620437956206,0.0686,137,450,511,15,0.9985,0.3793103448275862,45,3
5,5,1.0,2,50,0.3,200,random_walk,5.0,10,3,20,2.5,1,20,zero,0.05,60.0,5,ai,10452,0.0223463687150838,0.086,179,450,459,24,0.9976,0.4166666666666667,46,4
5,5,1.0,2,50,0.3,200,random_walk,5.0,10,3,20,2.5,1,20,zero,0.05,60.0,5,ai,11019,0.0391304347826087,0.0593,230,450,503,32,0.9968,0.5753424657534246,47,5
5,5,1.0,2,50,0.3,200,random_walk,5.0,10,3,20,2.5,1,20,zero,0.05,60.0,5,ai,11846,0.03763440860215054,0.0564,186,450,497,39,0.9961,0.43636363636363634,48,6
5,5,1.0,2,50,0.3,200,random_walk,5.0,10,3,20,2.5,1,20,zero,0.05,60.0,5,ai,11314,0.04878048780487805,0.0419,205,450,509,37,0.9963,0.5753424657534246,49,7
5,5,1.0,2,50,0.3,200,random_walk,5.0,10,3,20,2.5,1,20,zero,0.05,60.0,5,ai,10990,0.022099447513812154,0.0822,181,450,486,29,0.9971,0.46296296296296297,50,8
5,5,1.0,2,50,0.3,200,random_walk,5.0,10,3,20,2.5,1,20,zero,0.05,60.0,5,ai,11727,0.05113636363636364,0.0407,176,450,516,18,0.9982,0.5,51,9
5,5,1.0,2,10,0.6,200,random_walk,5.0,10,3,20,2.5,1,20,zero,0.05,60.0,5,ai,1752,0.10126582278481013,0.0685,79,90,92,6,0.997,0.5454545454545454,42,0
5,5,1.0,2,10,0.6,200,random_walk,5.0,10,3,20,2.5,1,20,zero,0.05,60.0,5,ai,2002,0.09302325581395349,0.0645,86,90,91,18,0.991,0.5161290322580645,43,1
5,5,1.0,2,10,0.6,200,random_walk,5.0,10,3,20,2.5,1,20,zero,0.05,60.0,5,ai,2500,0.0967741935483871,0.0935,93,90,123,18,0.991,0.4117647058823529,44,2
5,5,1.0,2,10,0.6,200,random_walk,5.0,10,3,20,2.5,1,20,zero,0.05,60.0,5,ai,1708,0.09090909090909091,0.0445,99,90,97,13,0.9935,0.45454545454545453,45,3
5,5,1.0,2,10,0.6,200,random_walk,5.0,10,3,20,2.5,1,20,zero,0.05,60.0,5,ai,1807,0.09322033898305085,0.035,118,90,91,23,0.9885,0.43103448275862066,46,4
5,5,1.0,2,10,0.6,200,random_walk,5.0,10,3,20,2.5,1,20,zero,0.05,60.0,5,ai,1742,0.10752688172043011,0.0305,93,90,99,9,0.9955,0.5945945945945946,47,5
5,5,1.0,2,10,0.6,200,random_walk,5.0,10,3,20,2.5,1,20,zero,0.05,60.0,5,ai,1790,0.06756756756756757,0.121,74,90,97,10,0.995,0.45454545454545453,48,6
5,5,1.0,2,10,0.6,200,random_walk,5.0,10,3,20,2.5,1,20,zero,0.05,60.0,5,ai,1806,0.08333333333333333,0.033,120,90,95,13,0.9935,0.375,49,7
5,5,1.0,2,10,0.6,200,random_walk,5.0,10,3,20,2.5,1,20,zero,0.05,60.0,5,ai,1776,0.08571428571428572,0.053,105,90,95,12,0.994,0.574468085106383,50,8
5,5,1.0,2,10,0.6,200,random_walk,5.0,10,3,20,2.5,1,20,zero,0.05,60.0,5,ai,2305,0.058823529411764705,0.076,85,90,108,7,0.9965,0.4722222222222222,51,9
5,5,1.0,2,30,0.6,200,random_walk,5.0,10,3,20,2.5,1,20,zero,0.05,60.0,5,ai,5988,0.09126984126984126,0.0735,252,270,281,45,0.9925,0.4431818181818182,42,0
5,5,1.0,2,30,0.6,200,random_walk,5.0,10,3,20,2.5,1,20,zero,0.05,60.0,5,ai,5727,0.07763975155279502,0.08333333333333333,322,270,281,51,0.9915,0.4396551724137931,43,1
5,5,1.0,2,30,0.6,200,random_walk,5.0,10,3,20,2.5,1,20,zero,0.05,60.0,5,ai,7116,0.09259259259259259,0.06783333333333333,270,270,319,36,0.994,0.5934065934065934,44,2
5,5,1.0,2,30,0.6,200,random_walk,5.0,10,3,20,2.5,1,20,zero,0.05,60.0,5,ai,6178,0.10416666666666667,0.057166666666666664,288,270,294,38,0.9936666666666667,0.5126050420168067,45,3
5,5,1.0,2,30,0.6,200,random_walk,5.0,10,3,20,2.5,1,20,zero,0.05,60.0,5,ai,5013,0.09574468085106383,0.076,282,270,267,38,0.9936666666666667,0.48760330578512395,46,4
5,5,1.0,2,30,0.6,200,random_walk,5.0,10,3,20,2.5,1,20,zero,0.05,60.0,5,ai,6119,0.08053691275167785,0.06983333333333333,298,270,302,41,0.9931666666666666,0.45689655172413796,47,5
5,5,1.0,2,30,0.6,200,random_walk,5.0,10,3,20,2.5,1,20,zero,0.05,60.0,5,ai,6596,0.09174311926605505,0.06866666666666667,218,270,311,31,0.9948333333333333,0.5542168674698795,48,6
5,5,1.0,2,30,0.6,200,random_walk,5.0,10,3,20,2.5,1,20,zero,0.05,60.0,5,ai,6645,0.06164383561643835,0.0635,292,270,295,50,0.9916666666666667,0.3448275862068966,49,7
5,5,1.0,2,30,0.6,200,random_walk,5.0,10,3,20,2.5,1,20,zero,0.05,60.0,5,ai,5959,0.030303030303030304,0.10266666666666667,231,270,285,36,0.994,0.36,50,8
5,5,1.0,2,30,0.6,200,random_walk,5.0,10,3,20,2.5,1,20,zero,0.05,60.0,5,ai,6580,0.08189655172413793,0.07933333333333334,232,270,301,30,0.995,0.43529411764705883,51,9
5,5,1.0,2,50,0.6,200,random_walk,5.0,10,3,20,2.5,1,20,zero,0.05,60.0,5,ai,10094,0.09267241379310345,0.0485,464,450,485,70,0.993,0.4742268041237113,42,0
5,5,1.0,2,50,0.6,200,random_walk,5.0,10,3,20,2.5,1,20,zero,0.05,60.0,5,ai,10401,0.11161731207289294,0.0875,439,450,477,68,0.9932,0.48717948717948717,43,1
5,5,1.0,2,50,0.6,200,random_walk,5.0,10,3,20,2.5,1,20,zero,0.05,60.0,5,ai,10781,0.10211946050096339,0.0697,519,450,514,79,0.9921,0.48095238095238096,44,2
5,5,1.0,2,50,0.6,200,random_walk,5.0,10,3,20,2.5,1,20,zero,0.05,60.0,5,ai,9837,0.09425287356321839,0.0767,435,450,511,61,0.9939,0.5705882352941176,45,3
5,5,1.0,2,50,0.6,200,random_walk,5.0,10,3,20,2.5,1,20,zero,0.05,60.0,5,ai,9399,0.09915611814345991,0.0704,474,450,459,61,0.9939,0.5675675675675675,46,4
5,5,1.0,2,50,0.6,200,random_walk,5.0,10,3,20,2.5,1,20,zero,0.05,60.0,5,ai,9989,0.08178438661710037,0.0562,538,450,503,71,0.9929,0.5112107623318386,47,5
5,5,1.0,2,50,0.6,200,random_walk,5.0,10,3,20,2.5,1,20,zero,0.05,60.0,5,ai,10339,0.06183368869936034,0.0729,469,450,497,58,0.9942,0.49122807017543857,48,6
5,5,1.0,2,50,0.6,200,random_walk,5.0,10,3,20,2.5,1,20,zero,0.05,60.0,5,ai,10421,0.066,0.0526,500,450,509,76,0.9924,0.41798941798941797,49,7
5,5,1.0,2,50,0.6,200,random_walk,5.0,10,3,20,2.5,1,20,zero,0.05,60.0,5,ai,9886,0.09760956175298804,0.0699,502,450,486,70,0.993,0.5311004784688995,50,8
5,5,1.0,2,50,0.6,200,random_walk,5.0,10,3,20,2.5,1,20,zero,0.05,60.0,5,ai,9893,0.10058027079303675,0.0624,517,450,516,59,0.9941,0.4558139534883721,51,9
5,5,1.5,2,10,0.1,200,random_walk,5.0,10,3,20,2.5,1,20,zero,0.05,60.0,5,ai,2390,0.0,0.494,0,90,92,0,1.0,0.0,42,0
5,5,1.5,2,10,0.1,200,random_walk,5.0,10,3,20,2.5,1,20,zero,0.05,60.0,5,ai,2346,0.0,0.1485,4,90,91,1,0.9995,0.0,43,1
5,5,1.5,2,10,0.1,200,random_walk,5.0,10,3,20,2.5,1,20,zero,0.05,60.0,5,ai,3129,0.0,0.449,5,90,123,2,0.999,0.0,44,2
5,5,1.5,2,10,0.1,200,random_walk,5.0,10,3,20,2.5,1,20,zero,0.05,60.0,5,ai,2515,0.0,0.1385,1,90,97,0,1.0,0.0,45,3
5,5,1.5,2,10,0.1,200,random_walk,5.0,10,3,20,2.5,1,20,zero,0.05,60.0,5,ai,2345,0.0,0.3355,3,90,91,0,1.0,0.0,46,4
5,5,1.5,2,10,0.1,200,random_walk,5.0,10,3,20,2.5,1,20,zero,0.05,60.0,5,ai,2529,0.0,0.334,6,90,99,4,0.998,0.0,47,5
5,5,1.5,2,10,0.1,200,random_walk,5.0,10,3,20,2.5,1,20,zero,0.05,60.0,5,ai,2455,0.0,0.232,3,90,97,0,1.0,1.0,48,6
5,5,1.5,2,10,0.1,200,random_walk,5.0,10,3,20,2.5,1,20,zero,0.05,60.0,5,ai,2465,0.0,0.1355,3,90,95,0,1.0,0.0,49,7
5,5,1.5,2,10,0.1,200,random_walk,5.0,10,3,20,2.5,1,20,zero,0.05,60.0,5,ai,2377,0.0,0.2575,6,90,95,1,0.9995,0.0,50,8
5,5,1.5,2,10,0.1,200,random_walk,5.0,10,3,20,2.5,1,20,zero,0.05,60.0,5,ai,2790,0.0,0.3025,4,90,108,0,1.0,0.0,51,9
5,5,1.5,2,30,0.1,200,random_walk,5.0,10,3,20,2.5,1,20,zero,0.05,60.0,5,ai,7097,0.0,0.28883333333333333,11,270,281,0,1.0,0.0,42,0
5,5,1.5,2,30,0.1,200,random_walk,5.0,10,3,20,2.5,1,20,zero,0.05,60.0,5,ai,7237,0.0,0.2793333333333333,9,270,281,2,0.9996666666666667,0.0,43,1
5,5,1.5,2,30,0.1,200,random_walk,5.0,10,3,20,2.5,1,20,zero,0.05,60.0,5,ai,8189,0.0,0.4023333333333333,9,270,319,0,1.0,0.0,44,2
5,5,1.5,2,30,0.1,200,random_walk,5.0,10,3,20,2.5,1,20,zero,0.05,60.0,5,ai,7560,0.0,0.2841666666666667,5,270,294,0,1.0,0.0,45,3
5,5,1.5,2,30,0.1,200,random_walk,5.0,10,3,20,2.5,1,20,zero,0.05,60.0,5,ai,6845,0.0,0.31,8,270,267,0,1.0,1.0,46,4
5,5,1.5,2,30,0.1,200,random_walk,5.0,10,3,20,2.5,1,20,zero,0.05,60.0,5,ai,7757,0.0,0.23683333333333334,12,270,302,1,0.9998333333333334,1.0,47,5
5,5,1.5,2,30,0.1,200,random_walk,5.0,10,3,20,2.5,1,20,zero,0.05,60.0,5,ai,7871,0.0,0.15866666666666668,9,270,311,0,1.0,1.0,48,6
5,5,1.5,2,30,0.1,200,random_walk,5.0,10,3,20,2.5,1,20,zero,0.05,60.0,5,ai,7645,0.0,0.177,11,270,295,0,1.0,0.0,49,7
5,5,1.5,2,30,0.1,200,random_walk,5.0,10,3,20,2.5,1,20,zero,0.05,60.0,5,ai,7179,0.0,0.323,17,270,285,0,1.0,1.0,50,8
5,5,1.5,2,30,0.1,200,random_walk,5.0,10,3,20,2.5,1,20,zero,0.05,60.0,5,ai,7795,0.0,0.31483333333333335,4,270,301,0,1.0,0.0,51,9
5,5,1.5,2,50,0.1,200,random_walk,5.0,10,3,20,2.5,1,20,zero,0.05,60.0,5,ai,12575,0.0,0.306,11,450,485,2,0.9998,0.0,42,0
5,5,1.5,2,50,0.1,200,random_walk,5.0,10,3,20,2.5,1,20,zero,0.05,60.0,5,ai,12355,0.0,0.3307,11,450,477,2,0.9998,1.0,43,1
5,5,1.5,2,50,0.1,200,random_walk,5.0,10,3,20,2.5,1,20,zero,0.05,60.0,5,ai,13198,0.0,0.386,15,450,514,0,1.0,1.0,44,2
5,5,1.5,2,50,0.1,200,random_walk,5.0,10,3,20,2.5,1,20,zero,0.05,60.0,5,ai,13168,0.0,0.2869,13,450,511,4,0.9996,0.0,45,3
5,5,1.5,2,50,0.1,200,random_walk,5.0,10,3,20,2.5,1,20,zero,0.05,60.0,5,ai,11925,0.0,0.3222,9,450,459,0,1.0,0.0,46,4
5,5,1.5,2,50,0.1,200,random_walk,5.0,10,3,20,2.5,1,20,zero,0.05,60.0,5,ai,12926,0.0,0.3061,22,450,503,3,0.9997,0.0,47,5
5,5,1.5,2,50,0.1,200,random_walk,5.0,10,3,20,2.5,1,20,zero,0.05,60.0,5,ai,12561,0.0,0.2648,26,450,497,3,0.9997,1.0,48,6
5,5,1.5,2,50,0.1,200,random_walk,5.0,10,3,20,2.5,1,20,zero,0.05,60.0,5,ai,13011,0.0,0.2248,16,450,509,2,0.9998,1.0,49,7
5,5,1.5,2,50,0.1,200,random_walk,5.0,10,3,20,2.5,1,20,zero,0.05,60.0,5,ai,12480,0.0,0.3128,15,450,486,0,1.0,1.0,50,8
5,5,1.5,2,50,0.1,200,random_walk,5.0,10,3,20,2.5,1,20,zero,0.05,60.0,5,ai,13196,0.0,0.2944,17,450,516,2,0.9998,0.0,51,9
5,5,1.5,2,10,0.3,200,random_walk,5.0,10,3,20,2.5,1,20,zero,0.05,60.0,5,ai,2070,0.23076923076923078,0.4235,26,90,92,1,0.9995,0.8,42,0
5,5,1.5,2,10,0.3,200,random_walk,5.0,10,3,20,2.5,1,20,zero,0.05,60.0,5,ai,2181,0.05263157894736842,0.322,19,90,91,3,0.9985,1.0,43,1
5,5,1.5,2,10,0.3,200,random_walk,5.0,10,3,20,2.5,1,20,zero,0.05,60.0,5,ai,3031,0.045454545454545456,0.391,22,90,123,5,0.9975,0.42857142857142855,44,2
5,5,1.5,2,10,0.3,200,random_walk,5.0,10,3,20,2.5,1,20,zero,0.05,60.0,5,ai,2350,0.0,0.247,13,90,97,0,1.0,0.3333333333333333,45,3
5,5,1.5,2,10,0.3,200,random_walk,5.0,10,3,20,2.5,1,20,zero,0.05,60.0,5,ai,2144,0.0,0.2945,16,90,91,3,0.9985,0.0,46,4
5,5,1.5,2,10,0.3,200,random_walk,5.0,10,3,20,2.5,1,20,zero,0.05,60.0,5,ai,2194,0.02857142857142857,0.2365,35,90,99,4,0.998,0.45454545454545453,47,5
5,5,1.5,2,10,0.3,200,random_walk,5.0,10,3,20,2.5,1,20,zero,0.05,60.0,5,ai,2282,0.07692307692307693,0.304,13,90,97,0,1.0,1.0,48,6
5,5,1.5,2,10,0.3,200,random_walk,5.0,10,3,20,2.5,1,20,zero,0.05,60.0,5,ai,2204,0.20833333333333334,0.1635,24,90,95,0,1.0,0.8181818181818182,49,7
5,5,1.5,2,10,0.3,200,random_walk,5.0,10,3,20,2.5,1,20,zero,0.05,60.0,5,ai,1955,0.17647058823529413,0.256,34,90,95,11,0.9945,0.7692307692307693,50,8
5,5,1.5,2,10,0.3,200,random_walk,5.0,10,3,20,2.5,1,20,zero,0.05,60.0,5,ai,2528,0.0,0.2205,20,90,108,0,1.0,0.4,51,9
5,5,1.5,2,30,0.3,200,random_walk,5.0,10,3,20,2.5,1,20,zero,0.05,60.0,5,ai,6454,0.06153846153846154,0.309,65,270,281,9,0.9985,0.55,42,0
5,5,1.5,2,30,0.3,200,random_walk,5.0,10,3,20,2.5,1,20,zero,0.05,60.0,5,ai,6408,0.0,0.22983333333333333,62,270,281,9,0.9985,0.36363636363636365,43,1
5,5,1.5,2,30,0.3,200,random_walk,5.0,10,3,20,2.5,1,20,zero,0.05,60.0,5,ai,7738,0.04285714285714286,0.36716666666666664,70,270,319,12,0.998,0.7142857142857143,44,2
5,5,1.5,2,30,0.3,200,random_walk,5.0,10,3,20,2.5,1,20,zero,0.05,60.0,5,ai,6833,0.10256410256410256,0.25233333333333335,78,270,294,0,1.0,0.7272727272727273,45,3
5,5,1.5,2,30,0.3,200,random_walk,5.0,10,3,20,2.5,1,20,zero,0.05,60.0,5,ai,6183,0.043478260869565216,0.3785,46,270,267,3,0.9995,0.75,46,4
5,5,1.5,2,30,0.3,200,random_walk,5.0,10,3,20,2.5,1,20,zero,0.05,60.0,5,ai,6983,0.053763440860215055,0.19766666666666666,93,270,302,18,0.997,0.5185185185185185,47,5
5,5,1.5,2,30,0.3,200,random_walk,5.0,10,3,20,2.5,1,20,zero,0.05,60.0,5,ai,7117,0.07246376811594203,0.2605,69,270,311,4,0.9993333333333333,0.6521739130434783,48,6
5,5,1.5,2,30,0.3,200,random_walk,5.0,10,3,20,2.5,1,20,zero,0.05,60.0,5,ai,6979,0.022222222222222223,0.17333333333333334,90,270,295,12,0.998,0.4375,49,7
5,5,1.5,2,30,0.3,200,random_walk,5.0,10,3,20,2.5,1,20,zero,0.05,60.0,5,ai,6531,0.0,0.37616666666666665,62,270,285,10,0.9983333333333333,0.45454545454545453,50,8
5,5,1.5,2,30,0.3,200,random_walk,5.0,10,3,20,2.5,1,20,zero,0.05,60.0,5,ai,7440,0.0,0.3463333333333333,51,270,301,4,0.9993333333333333,0.375,51,9
5,5,1.5,2,50,0.3,200,random_walk,5.0,10,3,20,2.5,1,20,zero,0.05,60.0,5,ai,10984,0.07339449541284404,0.2701,109,450,485,7,0.9993,0.6666666666666666,42,0
5,5,1.5,2,50,0.3,200,random_walk,5.0,10,3,20,2.5,1,20,zero,0.05,60.0,5,ai,11451,0.028846153846153848,0.3239,104,450,477,11,0.9989,0.64,43,1
5,5,1.5,2,50,0.3,200,random_walk,5.0,10,3,20,2.5,1,20,zero,0.05,60.0,5,ai,12219,0.05511811023622047,0.3275,127,450,514,22,0.9978,0.7,44,2
5,5,1.5,2,50,0.3,200,random_walk,5.0,10,3,20,2.5,1,20,zero,0.05,60.0,5,ai,12123,0.0297029702970297,0.3249,101,450,511,8,0.9992,0.5833333333333334,45,3
5,5,1.5,2,50,0.3,200,random_walk,5.0,10,3,20,2.5,1,20,zero,0.05,60.0,5,ai,10388,0.11510791366906475,0.3563,139,450,459,23,0.9977,0.8,46,4
5,5,1.5,2,50,0.3,200,random_walk,5.0,10,3,20,2.5,1,20,zero,0.05,60.0,5,ai,10998,0.03488372093023256,0.2387,172,450,503,38,0.9962,0.5846153846153846,47,5
5,5,1.5,2,50,0.3,200,random_walk,5.0,10,3,20,2.5,1,20,zero,0.05,60.0,5,ai,11902,0.02830188679245283,0.2626,106,450,497,17,0.9983,0.56,48,6
5,5,1.5,2,50,0.3,200,random_walk,5.0,10,3,20,2.5,1,20,zero,0.05,60.0,5,ai,11211,0.10227272727272728,0.2237,176,450,509,43,0.9957,0.6623376623376623,49,7
5,5,1.5,2,50,0.3,200,random_walk,5.0,10,3,20,2.5,1,20,zero,0.05,60.0,5,ai,11035,0.05785123966942149,0.3021,121,450,486,18,0.9982,0.6944444444444444,50,8
5,5,1.5,2,50,0.3,200,random_walk,5.0,10,3,20,2.5,1,20,zero,0.05,60.0,5,ai,11722,0.064,0.2919,125,450,516,12,0.9988,0.6363636363636364,51,9
5,5,1.5,2,10,0.6,200,random_walk,5.0,10,3,20,2.5,1,20,zero,0.05,60.0,5,ai,2029,0.21739130434782608,0.3775,46,90,92,4,0.998,0.7391304347826086,42,0
5,5,1.5,2,10,0.6,200,random_walk,5.0,10,3,20,2.5,1,20,zero,0.05,60.0,5,ai,1984,0.057971014492753624,0.3595,69,90,91,9,0.9955,0.5555555555555556,43,1
5,5,1.5,2,10,0.6,200,random_walk,5.0,10,3,20,2.5,1,20,zero,0.05,60.0,5,ai,2478,0.06153846153846154,0.31,65,90,123,11,0.9945,0.391304347826087,44,2
5,5,1.5,2,10,0.6,200,random_walk,5.0,10,3,20,2.5,1,20,zero,0.05,60.0,5,ai,1787,0.13432835820895522,0.275,67,90,97,3,0.9985,0.6363636363636364,45,3
5,5,1.5,2,10,0.6,200,random_walk,5.0,10,3,20,2.5,1,20,zero,0.05,60.0,5,ai,1852,0.10126582278481013,0.2075,79,90,91,18,0.991,0.6046511627906976,46,4
5,5,1.5,2,10,0.6,200,random_walk,5.0,10,3,20,2.5,1,20,zero,0.05,60.0,5,ai,2014,0.09230769230769231,0.2075,65,90,99,4,0.998,0.5555555555555556,47,5
5,5,1.5,2,10,0.6,200,random_walk,5.0,10,3,20,2.5,1,20,zero,0.05,60.0,5,ai,2133,0.025,0.402,40,90,97,5,0.9975,0.5333333333333333,48,6
5,5,1.5,2,10,0.6,200,random_walk,5.0,10,3,20,2.5,1,20,zero,0.05,60.0,5,ai,1809,0.16049382716049382,0.1845,81,90,95,15,0.9925,0.65,49,7
5,5,1.5,2,10,0.6,200,random_walk,5.0,10,3,20,2.5,1,20,zero,0.05,60.0,5,ai,1822,0.08823529411764706,0.241,68,90,95,8,0.996,0.5384615384615384,50,8
5,5,1.5,2,10,0.6,200,random_walk,5.0,10,3,20,2.5,1,20,zero,0.05,60.0,5,ai,2287,0.07017543859649122,0.3425,57,90,108,4,0.998,0.4444444444444444,51,9
5,5,1.5,2,30,0.6,200,random_walk,5.0,10,3,20,2.5,1,20,zero,0.05,60.0,5,ai,5783,0.11235955056179775,0.3165,178,270,281,20,0.9966666666666667,0.6164383561643836,42,0
5,5,1.5,2,30,0.6,200,random_walk,5.0,10,3,20,2.5,1,20,zero,0.05,60.0,5,ai,5872,0.09313725490196079,0.30716666666666664,204,270,281,22,0.9963333333333333,0.5555555555555556,43,1
5,5,1.5,2,30,0.6,200,random_walk,5.0,10,3,20,2.5,1,20,zero,0.05,60.0,5,ai,6995,0.06358381502890173,0.34983333333333333,173,270,319,24,0.996,0.42857142857142855,44,2
5,5,1.5,2,30,0.6,200,random_walk,5.0,10,3,20,2.5,1,20,zero,0.05,60.0,5,ai,6160,0.07228915662650602,0.26466666666666666,166,270,294,21,0.9965,0.4307692307692308,45,3
5,5,1.5,2,30,0.6,200,random_walk,5.0,10,3,20,2.5,1,20,zero,0.05,60.0,5,ai,5391,0.0903954802259887,0.31916666666666665,177,270,267,14,0.9976666666666667,0.5263157894736842,46,4
5,5,1.5,2,30,0.6,200,random_walk,5.0,10,3,20,2.5,1,20,zero,0.05,60.0,5,ai,6590,0.1116751269035533,0.23666666666666666,197,270,302,52,0.9913333333333333,0.5454545454545454,47,5
5,5,1.5,2,30,0.6,200,random_walk,5.0,10,3,20,2.5,1,20,zero,0.05,60.0,5,ai,6120,0.15168539325842698,0.3345,178,270,311,22,0.9963333333333333,0.7058823529411765,48,6
5,5,1.5,2,30,0.6,200,random_walk,5.0,10,3,20,2.5,1,20,zero,0.05,60.0,5,ai,6103,0.08370044052863436,0.204,227,270,295,26,0.9956666666666667,0.47619047619047616,49,7
5,5,1.5,2,30,0.6,200,random_walk,5.0,10,3,20,2.5,1,20,zero,0.05,60.0,5,ai,6177,0.05921052631578947,0.3943333333333333,152,270,285,18,0.997,0.41304347826086957,50,8
5,5,1.5,2,30,0.6,200,random_walk,5.0,10,3,20,2.5,1,20,zero,0.05,60.0,5,ai,6808,0.10256410256410256,0.31333333333333335,156,270,301,18,0.997,0.5740740740740741,51,9
5,5,1.5,2,50,0.6,200,random_walk,5.0,10,3,20,2.5,1,20,zero,0.05,60.0,5,ai,9912,0.12844036697247707,0.2752,327,450,485,38,0.9962,0.5540540540540541,42,0
5,5,1.5,2,50,0.6,200,random_walk,5.0,10,3,20,2.5,1,20,zero,0.05,60.0,5,ai,10709,0.09841269841269841,0.3248,315,450,477,67,0.9933,0.5614035087719298,43,1
5,5,1.5,2,50,0.6,200,random_walk,5.0,10,3,20,2.5,1,20,zero,0.05,60.0,5,ai,11182,0.1111111111111111,0.2853,351,450,514,46,0.9954,0.5958904109589042,44,2
5,5,1.5,2,50,0.6,200,random_walk,5.0,10,3,20,2.5,1,20,zero,0.05,60.0,5,ai,10492,0.15223880597014924,0.322,335,450,511,36,0.9964,0.6038961038961039,45,3
5,5,1.5,2,50,0.6,200,random_walk,5.0,10,3,20,2.5,1,20,zero,0.05,60.0,5,ai,9854,0.11314984709480122,0.3325,327,450,459,34,0.9966,0.5151515151515151,46,4
5,5,1.5,2,50,0.6,200,random_walk,5.0,10,3,20,2.5,1,20,zero,0.05,60.0,5,ai,9875,0.12560386473429952,0.2444,414,450,503,54,0.9946,0.532608695652174,47,5
5,5,1.5,2,50,0.6,200,random_walk,5.0,10,3,20,2.5,1,20,zero,0.05,60.0,5,ai,10879,0.11782477341389729,0.299,331,450,497,68,0.9932,0.4962962962962963,48,6
5,5,1.5,2,50,0.6,200,random_walk,5.0,10,3,20,2.5,1,20,zero,0.05,60.0,5,ai,10829,0.09749303621169916,0.2376,359,450,509,64,0.9936,0.5135135135135135,49,7
5,5,1.5,2,50,0.6,200,random_walk,5.0,10,3,20,2.5,1,20,zero,0.05,60.0,5,ai,10132,0.13142857142857142,0.2856,350,450,486,41,0.9959,0.5911949685534591,50,8
5,5,1.5,2,50,0.6,200,random_walk,5.0,10,3,20,2.5,1,20,zero,0.05,60.0,5,ai,9837,0.128,0.2802,375,450,516,39,0.9961,0.6123595505617978,51,9
